street,level,median_length,median_delay,median_speed_kmh,total_records,date
N14 Jenderal Sudirman,2,1233,71,24.74,7,7/6/2022
N14 Jenderal Sudirman,1,793,60.5,21.029999,4,7/6/2022
N14 Jenderal Sudirman,1,1319,88,23.12,11,7/6/2022
N14 Jenderal Sudirman,2,875,86,18.64,13,7/6/2022
N14 Jenderal Sudirman,2,1942,191,21.295,12,7/6/2022
N14 Jenderal Sudirman,1,1192,61,25.74,11,7/6/2022
N14 Jenderal Sudirman,2,1824,123,21.18,47,7/6/2022
N14 Jenderal Sudirman,3,704,165.5,10.695,12,7/6/2022
N14 Jenderal Sudirman,3,1824,325,12.04,11,7/6/2022
N14 Jenderal Sudirman,4,684,312,6.54,5,7/6/2022
N14 Jenderal Sudirman,1,1543,106,22.52,7,7/6/2022
N14 Jenderal Sudirman,2,1318,131,19.69,51,7/6/2022
N14 Jenderal Sudirman,1,1461,99,23.08,15,7/6/2022
N14 Jenderal Sudirman,2,717,90,19.255,28,7/6/2022
N14 Jenderal Sudirman,3,701,267,7.73,19,7/6/2022
N14 Jenderal Sudirman,4,717,343,6.28,15,7/6/2022
N14 Jenderal Sudirman,1,1325,60,29.68,1,7/6/2022
N14 Jenderal Sudirman,2,717,98,17.765,62,7/6/2022
N14 Jenderal Sudirman,3,946,262.5,9.99,56,7/6/2022
N14 Jenderal Sudirman,1,1322,74.5,23.939999,14,7/6/2022
N14 Jenderal Sudirman,2,1307,114,18.765,66,7/6/2022
N14 Jenderal Sudirman,3,1917,212,17.8,21,7/6/2022
N14 Jenderal Sudirman,4,440,214,6.49,13,7/6/2022
N14 Jenderal Sudirman,1,1325,65,28.89,8,7/6/2022
N14 Jenderal Sudirman,2,1021,145,18.15,28,7/6/2022
N14 Jenderal Sudirman,3,704,156,10.86,46,7/6/2022
N14 Jenderal Sudirman,4,946,494,5.69,25,7/6/2022
N14 Jenderal Sudirman,2,1975,139,20.11,31,7/6/2022
N14 Jenderal Sudirman,3,737,184,10.31,39,7/6/2022
N14 Jenderal Sudirman,4,946,568,5.355,22,7/6/2022
N14 Jenderal Sudirman,1,1295.5,72,24.22,14,7/6/2022
N14 Jenderal Sudirman,2,979,119,20.63,63,7/6/2022
N14 Jenderal Sudirman,3,807,162,12.42,35,7/6/2022
N14 Jenderal Sudirman,1,1192,90,22.605,18,7/6/2022
N14 Jenderal Sudirman,2,1613,136.5,20.74,50,7/6/2022
N14 Jenderal Sudirman,3,1536,304,15.02,41,7/6/2022
N14 Jenderal Sudirman,1,1477,80,24.7,31,7/6/2022
N14 Jenderal Sudirman,2,946,104,19.79,33,7/6/2022
N14 Jenderal Sudirman,2,1263,80,21.18,33,7/6/2022
N14 Jenderal Sudirman,3,1879,473.5,12.91,12,7/6/2022
N14 Jenderal Sudirman,1,1319,75,24.655,20,7/6/2022
N14 Jenderal Sudirman,2,1208,114,19.08,11,7/6/2022
N14 Jenderal Sudirman,3,639,112,13.73,9,7/6/2022
N14 Jenderal Sudirman,1,946,63,23.355,2,7/6/2022
N14 Jenderal Sudirman,2,982,104,17.875,14,7/6/2022
N14 Jenderal Sudirman,1,1382,75,23.31,9,7/7/2022
N14 Jenderal Sudirman,2,2005,127.5,23.165,32,7/7/2022
N14 Jenderal Sudirman,1,1017,84.5,20.465,2,7/7/2022
N14 Jenderal Sudirman,2,1200,129,20.279999,50,7/7/2022
N14 Jenderal Sudirman,3,717,226,10.02,22,7/7/2022
N14 Jenderal Sudirman,1,1192,100,20.56,2,7/7/2022
N14 Jenderal Sudirman,2,1192,125,18.62,24,7/7/2022
N14 Jenderal Sudirman,3,982,209.5,11.585,28,7/7/2022
N14 Jenderal Sudirman,1,1192,67,26.005001,18,7/7/2022
N14 Jenderal Sudirman,2,1267,167,16.68,44,7/7/2022
N14 Jenderal Sudirman,3,1967.5,341.5,14.2699995,2,7/7/2022
N14 Jenderal Sudirman,1,1319,92,22.68,9,7/7/2022
N14 Jenderal Sudirman,2,2643,159,21.945,52,7/7/2022
N14 Jenderal Sudirman,3,946,285,8.81,33,7/7/2022
N14 Jenderal Sudirman,1,1477,84.5,22.65,14,7/7/2022
N14 Jenderal Sudirman,2,1917,112,23.12,47,7/7/2022
N14 Jenderal Sudirman,3,946,199.5,10.995001,28,7/7/2022
N14 Jenderal Sudirman,1,2018,105,28.05,21,7/7/2022
N14 Jenderal Sudirman,2,1536,153.5,18.61,28,7/7/2022
N14 Jenderal Sudirman,3,701,148,12.15,24,7/7/2022
N14 Jenderal Sudirman,1,1135.5,62,22.470001,8,7/7/2022
N14 Jenderal Sudirman,2,1451,112,22.43,73,7/7/2022
N14 Jenderal Sudirman,3,982,214,11.45,33,7/7/2022
N14 Jenderal Sudirman,1,946,77,20.89,6,7/7/2022
N14 Jenderal Sudirman,2,1536,148,17.375,74,7/7/2022
N14 Jenderal Sudirman,3,704,154,11.42,15,7/7/2022
N14 Jenderal Sudirman,1,946,75,20.9,5,7/7/2022
N14 Jenderal Sudirman,2,1451,132,18.96,47,7/7/2022
N14 Jenderal Sudirman,3,962,208,12.66,50,7/7/2022
N14 Jenderal Sudirman,1,1794.5,98.5,24.66,4,7/7/2022
N14 Jenderal Sudirman,2,1394,109,18.48,33,7/7/2022
N14 Jenderal Sudirman,3,1307,216,12.76,53,7/7/2022
N14 Jenderal Sudirman,4,227,119.5,5.87,4,7/7/2022
N14 Jenderal Sudirman,1,1975,96,27.6,11,7/7/2022
N14 Jenderal Sudirman,2,2643,137,26.27,35,7/7/2022
N14 Jenderal Sudirman,1,1325,73.5,27.66,30,7/7/2022
N14 Jenderal Sudirman,2,1433,116,20.195,10,7/7/2022
N14 Jenderal Sudirman,3,1335,341,10.43,3,7/7/2022
N14 Jenderal Sudirman,2,1901,86,27.380001,6,7/7/2022
N14 Jenderal Sudirman,1,1681,81.5,27.055,14,7/7/2022
N14 Jenderal Sudirman,4,279,438,2.18,13,7/7/2022
N14 Jenderal Sudirman,1,1208,69,23.975,8,7/8/2022
N14 Jenderal Sudirman,2,979,64,24.93,9,7/8/2022
N14 Jenderal Sudirman,3,684,209,9.27,9,7/8/2022
N14 Jenderal Sudirman,1,1536,89.5,24.009998,12,7/8/2022
N14 Jenderal Sudirman,1,1192,85,22.07,3,7/8/2022
N14 Jenderal Sudirman,2,1228,118,18.27,23,7/8/2022
N14 Jenderal Sudirman,1,1461,95,23.78,17,7/8/2022
N14 Jenderal Sudirman,2,962,150.5,16.76,40,7/8/2022
N14 Jenderal Sudirman,3,962,177,12.9,3,7/8/2022
N14 Jenderal Sudirman,1,1325,66,28.66,8,7/8/2022
N14 Jenderal Sudirman,2,1321,119,20.685,32,7/8/2022
N14 Jenderal Sudirman,3,1017,249,10.85,59,7/8/2022
N14 Jenderal Sudirman,4,772,347,6.28,3,7/8/2022
N14 Jenderal Sudirman,1,1461,87,23.97,17,7/8/2022
N14 Jenderal Sudirman,2,1394,138,18.779999,48,7/8/2022
N14 Jenderal Sudirman,3,1192,278,11.39,39,7/8/2022
N14 Jenderal Sudirman,4,668,297,6.705,2,7/8/2022
N14 Jenderal Sudirman,1,1461,84,22.56,13,7/8/2022
N14 Jenderal Sudirman,2,743,81,17.48,11,7/8/2022
N14 Jenderal Sudirman,3,583,98,14.43,1,7/8/2022
N14 Jenderal Sudirman,1,1477,106,22.34,7,7/8/2022
N14 Jenderal Sudirman,2,1824,137,19.48,61,7/8/2022
N14 Jenderal Sudirman,3,946,323,8.92,61,7/8/2022
N14 Jenderal Sudirman,4,739,339,6.22,1,7/8/2022
N14 Jenderal Sudirman,1,1325,72,27.66,4,7/8/2022
N14 Jenderal Sudirman,2,866,94.5,18.4,30,7/8/2022
N14 Jenderal Sudirman,3,1867.5,423,11.865,90,7/8/2022
N14 Jenderal Sudirman,4,954,637,5.98,28,7/8/2022
N14 Jenderal Sudirman,1,1451,61,29.98,7,7/8/2022
N14 Jenderal Sudirman,2,866,81,19.68,40,7/8/2022
N14 Jenderal Sudirman,3,1249.5,442,8.43,54,7/8/2022
N14 Jenderal Sudirman,4,776,468,5.625,40,7/8/2022
N14 Jenderal Sudirman,1,1325,68,28.46,14,7/8/2022
N14 Jenderal Sudirman,2,875,99,19.064999,112,7/8/2022
N14 Jenderal Sudirman,3,1192,265,13.34,67,7/8/2022
N14 Jenderal Sudirman,1,1696.5,80.5,28.23,8,7/8/2022
N14 Jenderal Sudirman,2,866,92.5,18.904999,16,7/8/2022
N14 Jenderal Sudirman,3,866,202,11.59,75,7/8/2022
N14 Jenderal Sudirman,2,701,83,17.24,43,7/8/2022
N14 Jenderal Sudirman,3,1192,232,11.05,69,7/8/2022
N14 Jenderal Sudirman,4,1192,639.5,5.76,14,7/8/2022
N14 Jenderal Sudirman,1,982,74.5,21.3,4,7/8/2022
N14 Jenderal Sudirman,2,793,80,19.125,72,7/8/2022
N14 Jenderal Sudirman,3,700,93,16.96,17,7/8/2022
N14 Jenderal Sudirman,4,628,273,6.61,19,7/8/2022
N14 Jenderal Sudirman,1,1249.5,87,23.455,34,7/8/2022
N14 Jenderal Sudirman,2,1319,122.5,19.015,22,7/8/2022
N14 Jenderal Sudirman,1,1307,68,25.57,11,7/8/2022
N14 Jenderal Sudirman,2,1307,115,20.365,2,7/8/2022
N14 Jenderal Sudirman,1,946,70,22.09,2,7/8/2022
N14 Jenderal Sudirman,2,946,71,21.955,4,7/8/2022
N14 Jenderal Sudirman,2,1220,71,24.724998,2,7/8/2022
N14 Jenderal Sudirman,1,1318,66,25.24,8,7/8/2022
N14 Jenderal Sudirman,3,618,110,13.66,2,7/9/2022
N14 Jenderal Sudirman,2,1319,149.5,17.83,10,7/9/2022
N14 Jenderal Sudirman,2,760,96,16.83,11,7/9/2022
N14 Jenderal Sudirman,1,1461,103,22.02,13,7/9/2022
N14 Jenderal Sudirman,3,700,101,15.875,10,7/9/2022
N14 Jenderal Sudirman,1,1192,90.5,21.494999,2,7/9/2022
N14 Jenderal Sudirman,2,1228,122,19.3,43,7/9/2022
N14 Jenderal Sudirman,2,1394,172,16.98,40,7/9/2022
N14 Jenderal Sudirman,3,1228,292,12.335,70,7/9/2022
N14 Jenderal Sudirman,1,1536,64,27.115,4,7/9/2022
N14 Jenderal Sudirman,2,1461,147,19.255001,40,7/9/2022
N14 Jenderal Sudirman,3,1901,301.5,14.145,48,7/9/2022
N14 Jenderal Sudirman,1,1192,98,20.74,11,7/9/2022
N14 Jenderal Sudirman,2,1394,157,19.11,52,7/9/2022
N14 Jenderal Sudirman,3,1477,256,13.41,57,7/9/2022
N14 Jenderal Sudirman,1,1192,94.5,21.07,4,7/9/2022
N14 Jenderal Sudirman,2,1200,137.5,16.255001,70,7/9/2022
N14 Jenderal Sudirman,3,1840,267.5,13.64,48,7/9/2022
N14 Jenderal Sudirman,1,1379,76,23.56,8,7/9/2022
N14 Jenderal Sudirman,2,1618,170.5,20.07,70,7/9/2022
N14 Jenderal Sudirman,3,1477,341,11.32,53,7/9/2022
N14 Jenderal Sudirman,1,1325,70,28.03,5,7/9/2022
N14 Jenderal Sudirman,2,1192,142,17.185,60,7/9/2022
N14 Jenderal Sudirman,3,982,238,12.27,83,7/9/2022
N14 Jenderal Sudirman,2,1192,142,18.08,85,7/9/2022
N14 Jenderal Sudirman,3,1208,275,13.99,51,7/9/2022
N14 Jenderal Sudirman,1,743,60,20.28,3,7/9/2022
N14 Jenderal Sudirman,3,1559,261,13.63,33,7/9/2022
N14 Jenderal Sudirman,1,1323,90,22.67,11,7/9/2022
N14 Jenderal Sudirman,2,1559,164,20.74,53,7/9/2022
N14 Jenderal Sudirman,1,1192,67,25.05,27,7/9/2022
N14 Jenderal Sudirman,2,2643,135,24.74,43,7/9/2022
N14 Jenderal Sudirman,1,1461,72,24.41,28,7/9/2022
N14 Jenderal Sudirman,2,1942,107.5,26.055,70,7/9/2022
N14 Jenderal Sudirman,1,1469,79,24.67,26,7/9/2022
N14 Jenderal Sudirman,2,1901,134,22.244999,36,7/9/2022
N14 Jenderal Sudirman,1,1323,88.5,22.835,14,7/9/2022
N14 Jenderal Sudirman,2,1319,167,16.74,4,7/9/2022
N14 Jenderal Sudirman,2,701,61,20.05,3,7/10/2022
N14 Jenderal Sudirman,1,1307,75,22.16,35,7/10/2022
N14 Jenderal Sudirman,2,1547.5,120.5,21.54,12,7/10/2022
N14 Jenderal Sudirman,1,946,62,23.21,2,7/10/2022
N14 Jenderal Sudirman,2,1543,138.5,20.11,2,7/10/2022
N14 Jenderal Sudirman,2,737,94,18.07,15,7/10/2022
N14 Jenderal Sudirman,3,461,112,10.66,3,7/10/2022
N14 Jenderal Sudirman,2,1350,94.5,18.93,42,7/10/2022
N14 Jenderal Sudirman,1,1477,74,25.22,29,7/10/2022
N14 Jenderal Sudirman,1,1536,90,23.8,29,7/10/2022
N14 Jenderal Sudirman,2,1543,109.5,19.995,48,7/10/2022
N14 Jenderal Sudirman,4,225,105,6.38,2,7/10/2022
N14 Jenderal Sudirman,1,1461,77,23.675,8,7/10/2022
N14 Jenderal Sudirman,2,651,66,19.19,10,7/10/2022
N14 Jenderal Sudirman,3,651,144.5,11.645,8,7/10/2022
N14 Jenderal Sudirman,1,1543,101,22.95,26,7/10/2022
N14 Jenderal Sudirman,2,1543,129,18.33,26,7/10/2022
N14 Jenderal Sudirman,1,1461,96,23.28,13,7/10/2022
N14 Jenderal Sudirman,2,1394,119.5,19.060001,50,7/10/2022
N14 Jenderal Sudirman,1,1192,80,22.62,11,7/10/2022
N14 Jenderal Sudirman,2,962,105,16.535,8,7/10/2022
N14 Jenderal Sudirman,1,1319,74.5,24.25,16,7/10/2022
N14 Jenderal Sudirman,2,1976,153.5,21.735,20,7/10/2022
N14 Jenderal Sudirman,1,1307,68.5,25.525002,18,7/10/2022
N14 Jenderal Sudirman,2,1323,119,20.15,7,7/10/2022
N14 Jenderal Sudirman,1,1382,75.5,24.725,8,7/10/2022
N14 Jenderal Sudirman,2,717,73,18.48,12,7/10/2022
N14 Jenderal Sudirman,2,701,69,18.88,1,7/10/2022
N14 Jenderal Sudirman,2,760,61,21.57,7,7/11/2022
N14 Jenderal Sudirman,2,748.5,102.5,20.915,24,7/11/2022
N14 Jenderal Sudirman,1,1321,80,24.215,4,7/11/2022
N14 Jenderal Sudirman,1,1469,78.5,23.64,26,7/11/2022
N14 Jenderal Sudirman,2,651,66,19.24,5,7/11/2022
N14 Jenderal Sudirman,1,1192,83,22.35,23,7/11/2022
N14 Jenderal Sudirman,2,1325,113,22.73,25,7/11/2022
N14 Jenderal Sudirman,3,704,160,10.98,5,7/11/2022
N14 Jenderal Sudirman,3,772,130,12.62,4,7/11/2022
N14 Jenderal Sudirman,1,1096,83,22.395,4,7/11/2022
N14 Jenderal Sudirman,2,1208,132.5,17.73,128,7/11/2022
N14 Jenderal Sudirman,1,1975,87,28.99,8,7/11/2022
N14 Jenderal Sudirman,2,1394,140,19.2,54,7/11/2022
N14 Jenderal Sudirman,3,946,273,9.44,40,7/11/2022
N14 Jenderal Sudirman,4,737,457.5,4.98,14,7/11/2022
N14 Jenderal Sudirman,1,1559,91,24.33,9,7/11/2022
N14 Jenderal Sudirman,2,1900,131.5,21.175,86,7/11/2022
N14 Jenderal Sudirman,3,1840,265,13.65,29,7/11/2022
N14 Jenderal Sudirman,2,962,136.5,18.76,36,7/11/2022
N14 Jenderal Sudirman,3,946,235,12.42,41,7/11/2022
N14 Jenderal Sudirman,4,962,440,5.97,25,7/11/2022
N14 Jenderal Sudirman,1,1325,72.5,27.619999,2,7/11/2022
N14 Jenderal Sudirman,2,1325,142.5,16.765,32,7/11/2022
N14 Jenderal Sudirman,3,1319,287,12.36,49,7/11/2022
N14 Jenderal Sudirman,1,1325,63,29.19,2,7/11/2022
N14 Jenderal Sudirman,2,1461,163,18.73,63,7/11/2022
N14 Jenderal Sudirman,3,709,237,10.61,33,7/11/2022
N14 Jenderal Sudirman,1,1326.5,107,20.835,2,7/11/2022
N14 Jenderal Sudirman,2,1021,130,18.47,47,7/11/2022
N14 Jenderal Sudirman,3,962,241,12.67,49,7/11/2022
N14 Jenderal Sudirman,1,962,70,22.22,19,7/11/2022
N14 Jenderal Sudirman,2,1317,118,18.84,69,7/11/2022
N14 Jenderal Sudirman,3,1543,257,13.98,11,7/11/2022
N14 Jenderal Sudirman,2,1192,112,19.49,23,7/11/2022
N14 Jenderal Sudirman,1,1394,87,23.27,25,7/11/2022
N14 Jenderal Sudirman,1,1479,84.5,22.59,26,7/11/2022
N14 Jenderal Sudirman,2,668,94.5,15.825001,18,7/11/2022
N14 Jenderal Sudirman,3,737,130,12.95,1,7/11/2022
N14 Jenderal Sudirman,1,1461,89,23.18,34,7/11/2022
N14 Jenderal Sudirman,2,962,87,19.73,21,7/11/2022
N14 Jenderal Sudirman,1,1323,69.5,25.865,16,7/11/2022
N14 Jenderal Sudirman,1,1192,79,23,9,7/12/2022
N14 Jenderal Sudirman,1,946,70.5,22.169998,2,7/12/2022
N14 Jenderal Sudirman,2,962,133,17.26,31,7/12/2022
N14 Jenderal Sudirman,2,946,129,19.17,23,7/12/2022
N14 Jenderal Sudirman,4,245,149.5,5.175,2,7/12/2022
N14 Jenderal Sudirman,1,1192,86,20.689999,14,7/12/2022
N14 Jenderal Sudirman,2,1543,163.5,19.75,34,7/12/2022
N14 Jenderal Sudirman,3,704,153,11.29,2,7/12/2022
N14 Jenderal Sudirman,1,1451,72,28.18,3,7/12/2022
N14 Jenderal Sudirman,2,1350,161,19.88,9,7/12/2022
N14 Jenderal Sudirman,3,1543,479,9.59,29,7/12/2022
N14 Jenderal Sudirman,4,668,408.5,5.1099997,4,7/12/2022
N14 Jenderal Sudirman,1,701,60,20.27,4,7/12/2022
N14 Jenderal Sudirman,2,701,87.5,16.55,36,7/12/2022
N14 Jenderal Sudirman,3,946,372.5,7.53,24,7/12/2022
N14 Jenderal Sudirman,4,668,311,6.46,1,7/12/2022
N14 Jenderal Sudirman,1,946,72.5,22.654999,4,7/12/2022
N14 Jenderal Sudirman,2,717,109,17.81,57,7/12/2022
N14 Jenderal Sudirman,3,1579,274,13.315001,16,7/12/2022
N14 Jenderal Sudirman,4,225,111.5,6.0550003,10,7/12/2022
N14 Jenderal Sudirman,1,1192,78,22.62,27,7/12/2022
N14 Jenderal Sudirman,2,1192,120,19.195,56,7/12/2022
N14 Jenderal Sudirman,3,583,118.5,12.35,18,7/12/2022
N14 Jenderal Sudirman,2,1325,133,19.92,63,7/12/2022
N14 Jenderal Sudirman,3,583,134,11.55,29,7/12/2022
N14 Jenderal Sudirman,4,668,342,6.05,21,7/12/2022
N14 Jenderal Sudirman,1,946,65,22.785,10,7/12/2022
N14 Jenderal Sudirman,2,1394,170,17.41,43,7/12/2022
N14 Jenderal Sudirman,3,946,282,11.85,41,7/12/2022
N14 Jenderal Sudirman,4,684.5,309.5,6.6099997,2,7/12/2022
N14 Jenderal Sudirman,1,1942,91.5,28.285,10,7/12/2022
N14 Jenderal Sudirman,2,2018,145,22.54,17,7/12/2022
N14 Jenderal Sudirman,3,946,176.5,13.219999,22,7/12/2022
N14 Jenderal Sudirman,1,1307,70,23.21,21,7/12/2022
N14 Jenderal Sudirman,2,982,116,17.59,36,7/12/2022
N14 Jenderal Sudirman,3,962,237,10.855,16,7/12/2022
N14 Jenderal Sudirman,1,962,63,22.83,3,7/12/2022
N14 Jenderal Sudirman,2,1461,129,19.76,47,7/12/2022
N14 Jenderal Sudirman,3,1975,288,15.95,9,7/12/2022
N14 Jenderal Sudirman,1,1325,82,27.83,27,7/12/2022
N14 Jenderal Sudirman,2,979,86,21.099998,16,7/12/2022
N14 Jenderal Sudirman,1,946,62.5,23.244999,8,7/12/2022
N14 Jenderal Sudirman,2,2018,125,18.385,24,7/12/2022
N14 Jenderal Sudirman,3,668,150,11.5,3,7/12/2022
N14 Jenderal Sudirman,2,481,75,13.95,1,7/12/2022
N14 Jenderal Sudirman,2,481,73.5,14.094999,10,7/12/2022
N14 Jenderal Sudirman,2,2018,114.5,25.02,12,7/13/2022
N14 Jenderal Sudirman,2,1208,118,17.77,23,7/13/2022
N14 Jenderal Sudirman,1,1461,87.5,24.189999,10,7/13/2022
N14 Jenderal Sudirman,2,982,156.5,14.215,8,7/13/2022
N14 Jenderal Sudirman,3,720.5,131,12.700001,2,7/13/2022
N14 Jenderal Sudirman,1,962,67,22.92,1,7/13/2022
N14 Jenderal Sudirman,2,1461,120,19.735,74,7/13/2022
N14 Jenderal Sudirman,3,2333,307,16.16,12,7/13/2022
N14 Jenderal Sudirman,1,1192,71.5,27.645,18,7/13/2022
N14 Jenderal Sudirman,2,946,132,16.51,39,7/13/2022
N14 Jenderal Sudirman,3,704,192,9.62,4,7/13/2022
N14 Jenderal Sudirman,2,1382,152,18.72,37,7/13/2022
N14 Jenderal Sudirman,3,946,288,9.07,29,7/13/2022
N14 Jenderal Sudirman,4,755.5,361,6.125,14,7/13/2022
N14 Jenderal Sudirman,1,1477,82,25.22,7,7/13/2022
N14 Jenderal Sudirman,2,1325,88,20.36,61,7/13/2022
N14 Jenderal Sudirman,3,737,192,10.335,26,7/13/2022
N14 Jenderal Sudirman,4,668,310,6.4750004,6,7/13/2022
N14 Jenderal Sudirman,1,1319,81.5,23.925,4,7/13/2022
N14 Jenderal Sudirman,2,946,109,18.04,31,7/13/2022
N14 Jenderal Sudirman,3,1497,271.5,13.094999,24,7/13/2022
N14 Jenderal Sudirman,3,723,232.5,10.285,18,7/13/2022
N14 Jenderal Sudirman,2,1899,167,20.75,53,7/13/2022
N14 Jenderal Sudirman,4,704,391,5.48,9,7/13/2022
N14 Jenderal Sudirman,1,1325,60,29.76,5,7/13/2022
N14 Jenderal Sudirman,2,1335,137,19.17,56,7/13/2022
N14 Jenderal Sudirman,3,962,353,8.56,49,7/13/2022
N14 Jenderal Sudirman,4,839.5,387,6.625,8,7/13/2022
N14 Jenderal Sudirman,3,755.5,120,13.29,14,7/13/2022
N14 Jenderal Sudirman,2,1192,156,18.11,84,7/13/2022
N14 Jenderal Sudirman,1,1325,60,29.69,3,7/13/2022
N14 Jenderal Sudirman,2,1208,132.5,18.215,72,7/13/2022
N14 Jenderal Sudirman,3,962,196,12.49,8,7/13/2022
N14 Jenderal Sudirman,1,946,64,22.94,13,7/13/2022
N14 Jenderal Sudirman,2,1382,106,22.39,61,7/13/2022
N14 Jenderal Sudirman,1,1182,64,28.32,3,7/13/2022
N14 Jenderal Sudirman,2,1318,102,20.36,24,7/13/2022
N14 Jenderal Sudirman,1,1192,80.5,22.580002,10,7/13/2022
N14 Jenderal Sudirman,1,1461,103.5,21.985,8,7/14/2022
N14 Jenderal Sudirman,2,1901,146,21.4,33,7/14/2022
N14 Jenderal Sudirman,1,1330.5,75,24.17,6,7/14/2022
N14 Jenderal Sudirman,2,1477,143,19.66,57,7/14/2022
N14 Jenderal Sudirman,3,1744.5,238,15.605,14,7/14/2022
N14 Jenderal Sudirman,1,1156,76,23.94,11,7/14/2022
N14 Jenderal Sudirman,2,1192,113,21.28,41,7/14/2022
N14 Jenderal Sudirman,3,737,136,12.74,24,7/14/2022
N14 Jenderal Sudirman,3,982,208,11.74,36,7/14/2022
N14 Jenderal Sudirman,1,1192,92,22.08,3,7/14/2022
N14 Jenderal Sudirman,2,1325,142,21.689999,68,7/14/2022
N14 Jenderal Sudirman,1,842,64,21.105,10,7/14/2022
N14 Jenderal Sudirman,2,1317,163,17.72,47,7/14/2022
N14 Jenderal Sudirman,3,946,217,11.18,15,7/14/2022
N14 Jenderal Sudirman,1,1192,92,21.33,5,7/14/2022
N14 Jenderal Sudirman,2,1543,146,16.98,53,7/14/2022
N14 Jenderal Sudirman,3,815,195,11.74,22,7/14/2022
N14 Jenderal Sudirman,1,1325,68,25.244999,18,7/14/2022
N14 Jenderal Sudirman,2,1319,142,19.15,69,7/14/2022
N14 Jenderal Sudirman,3,962,247,11.145,36,7/14/2022
N14 Jenderal Sudirman,1,1543,109,22.455,4,7/14/2022
N14 Jenderal Sudirman,2,1350,116,21.22,41,7/14/2022
N14 Jenderal Sudirman,3,1192,275.5,8.89,40,7/14/2022
N14 Jenderal Sudirman,4,701,391,5.41,15,7/14/2022
N14 Jenderal Sudirman,1,1192,91,21.439999,6,7/14/2022
N14 Jenderal Sudirman,2,1543,169,18.189999,24,7/14/2022
N14 Jenderal Sudirman,3,701,235,8.66,40,7/14/2022
N14 Jenderal Sudirman,4,701,475,4.62,7,7/14/2022
N14 Jenderal Sudirman,1,1324,60,29.37,5,7/14/2022
N14 Jenderal Sudirman,2,2034,217,19,25,7/14/2022
N14 Jenderal Sudirman,3,946,248.5,12.809999,54,7/14/2022
N14 Jenderal Sudirman,1,1543,81,25.37,17,7/14/2022
N14 Jenderal Sudirman,2,1359,137.5,19.83,76,7/14/2022
N14 Jenderal Sudirman,3,1249,280,11.365,8,7/14/2022
N14 Jenderal Sudirman,4,245,193,4.14,3,7/14/2022
N14 Jenderal Sudirman,1,1322,77,22.735,30,7/14/2022
N14 Jenderal Sudirman,2,1200,106,23.51,31,7/14/2022
N14 Jenderal Sudirman,1,2297,87,29.48,19,7/14/2022
N14 Jenderal Sudirman,2,1123,62,25.07,11,7/14/2022
N14 Jenderal Sudirman,1,1461,87,24.29,13,7/14/2022
N14 Jenderal Sudirman,2,1319,100,24.405,24,7/14/2022
N14 Jenderal Sudirman,1,1899,95.5,25.755001,12,7/15/2022
N14 Jenderal Sudirman,2,1976,100.5,25.84,2,7/15/2022
N14 Jenderal Sudirman,2,1192,118,19.2,4,7/15/2022
N14 Jenderal Sudirman,1,1244.5,104,20.505001,4,7/15/2022
N14 Jenderal Sudirman,2,1461,147,18.61,58,7/15/2022
N14 Jenderal Sudirman,1,1543,95,27.65,5,7/15/2022
N14 Jenderal Sudirman,2,1543,130.5,17.335,58,7/15/2022
N14 Jenderal Sudirman,3,964,224.5,11.62,38,7/15/2022
N14 Jenderal Sudirman,1,1975,95,27.74,1,7/15/2022
N14 Jenderal Sudirman,2,1319,158.5,18.09,46,7/15/2022
N14 Jenderal Sudirman,3,962,284,10.26,55,7/15/2022
N14 Jenderal Sudirman,1,1319,73,24.88,23,7/15/2022
N14 Jenderal Sudirman,2,1307,114.5,20.295,44,7/15/2022
N14 Jenderal Sudirman,3,807,192,10.97,7,7/15/2022
N14 Jenderal Sudirman,1,1319,66,24.1,5,7/15/2022
N14 Jenderal Sudirman,2,1335,125,18.79,53,7/15/2022
N14 Jenderal Sudirman,3,946,215,12.370001,22,7/15/2022
N14 Jenderal Sudirman,4,701,344,6.17,3,7/15/2022
N14 Jenderal Sudirman,1,1461,94,23.5,2,7/15/2022
N14 Jenderal Sudirman,2,1536,181,18.67,33,7/15/2022
N14 Jenderal Sudirman,3,946,175,12.17,23,7/15/2022
N14 Jenderal Sudirman,1,776,62,20.35,3,7/15/2022
N14 Jenderal Sudirman,2,1319,110,18.01,49,7/15/2022
N14 Jenderal Sudirman,3,954,265.5,10.53,30,7/15/2022
N14 Jenderal Sudirman,4,684,327,6.38,15,7/15/2022
N14 Jenderal Sudirman,2,1543,174,18.22,39,7/15/2022
N14 Jenderal Sudirman,3,946,283,9.37,59,7/15/2022
N14 Jenderal Sudirman,1,1325,63,29.25,4,7/15/2022
N14 Jenderal Sudirman,2,946,112,17.72,63,7/15/2022
N14 Jenderal Sudirman,3,946,229,11.98,46,7/15/2022
N14 Jenderal Sudirman,1,1192,65,24.46,19,7/15/2022
N14 Jenderal Sudirman,2,1394,122,17.96,86,7/15/2022
N14 Jenderal Sudirman,3,737,125.5,13.275,6,7/15/2022
N14 Jenderal Sudirman,1,1551,85,23.955,16,7/15/2022
N14 Jenderal Sudirman,2,1528.5,104.5,23.92,16,7/15/2022
N14 Jenderal Sudirman,1,1192,64,24.73,6,7/15/2022
N14 Jenderal Sudirman,2,737,86,18.605,20,7/15/2022
N14 Jenderal Sudirman,2,701,64,19.63,3,7/15/2022
N14 Jenderal Sudirman,3,684,218,8.72,15,7/15/2022
N14 Jenderal Sudirman,4,469.5,219.5,6.42,2,7/15/2022
N14 Jenderal Sudirman,1,1901,72,28.95,11,7/15/2022
N14 Jenderal Sudirman,2,2659,130,26.92,17,7/15/2022
N14 Jenderal Sudirman,2,651,69,18.715,12,7/16/2022
N14 Jenderal Sudirman,1,1543,84,25.06,17,7/16/2022
N14 Jenderal Sudirman,1,1461,82.5,24.825,20,7/16/2022
N14 Jenderal Sudirman,2,1394,113,20.74,15,7/16/2022
N14 Jenderal Sudirman,1,1543,90,23.08,9,7/16/2022
N14 Jenderal Sudirman,2,982,114.5,17.01,14,7/16/2022
N14 Jenderal Sudirman,3,982,170.5,13.120001,6,7/16/2022
N14 Jenderal Sudirman,1,1394,81.5,24.28,8,7/16/2022
N14 Jenderal Sudirman,2,1382,127,18.49,77,7/16/2022
N14 Jenderal Sudirman,3,946,167,13.34,4,7/16/2022
N14 Jenderal Sudirman,1,1461,90,23.18,16,7/16/2022
N14 Jenderal Sudirman,2,722,76.5,19.25,40,7/16/2022
N14 Jenderal Sudirman,3,946,269,12.92,45,7/16/2022
N14 Jenderal Sudirman,4,946,451,6.3450003,4,7/16/2022
N14 Jenderal Sudirman,1,1325,64,29.09,2,7/16/2022
N14 Jenderal Sudirman,2,1287,110,20.31,60,7/16/2022
N14 Jenderal Sudirman,3,583,91.5,15.085,28,7/16/2022
N14 Jenderal Sudirman,4,946,530.5,5.5,46,7/16/2022
N14 Jenderal Sudirman,1,1325,65,28.77,5,7/16/2022
N14 Jenderal Sudirman,2,1325,139,17.98,73,7/16/2022
N14 Jenderal Sudirman,3,982,256.5,10.145,72,7/16/2022
N14 Jenderal Sudirman,4,278,174,5.065,10,7/16/2022
N14 Jenderal Sudirman,2,866,80,21.83,57,7/16/2022
N14 Jenderal Sudirman,3,1192,292.5,12.625,80,7/16/2022
N14 Jenderal Sudirman,4,875,548.5,5.7650003,34,7/16/2022
N14 Jenderal Sudirman,2,1100,92,22.970001,8,7/16/2022
N14 Jenderal Sudirman,3,1307,286,11.18,75,7/16/2022
N14 Jenderal Sudirman,4,982,596,5.86,51,7/16/2022
N14 Jenderal Sudirman,1,842,61,22.53,2,7/16/2022
N14 Jenderal Sudirman,2,807,94,16.72,35,7/16/2022
N14 Jenderal Sudirman,3,1228,299,11.66,97,7/16/2022
N14 Jenderal Sudirman,4,704,479,4.72,12,7/16/2022
N14 Jenderal Sudirman,1,1100,60,27.94,2,7/16/2022
N14 Jenderal Sudirman,2,1325,191,18.91,43,7/16/2022
N14 Jenderal Sudirman,3,866,230.5,11.29,100,7/16/2022
N14 Jenderal Sudirman,4,704,323,6.42,1,7/16/2022
N14 Jenderal Sudirman,2,1536,128,20.25,50,7/16/2022
N14 Jenderal Sudirman,3,946,184.5,12.440001,6,7/16/2022
N14 Jenderal Sudirman,1,1192,66,24.55,15,7/16/2022
N14 Jenderal Sudirman,2,668,63.5,19.305,8,7/16/2022
N14 Jenderal Sudirman,2,1901,118,24.46,25,7/16/2022
N14 Jenderal Sudirman,1,1975,65,31.46,7,7/16/2022
N14 Jenderal Sudirman,1,1477,81,24.939999,10,7/16/2022
N14 Jenderal Sudirman,2,632,73,18.04,13,7/16/2022
N14 Jenderal Sudirman,3,445,87,12.43,6,7/16/2022
N14 Jenderal Sudirman,2,717,73,18.3,9,7/16/2022
N14 Jenderal Sudirman,3,701,176,10.47,15,7/16/2022
N14 Jenderal Sudirman,2,1208,105.5,19.939999,6,7/17/2022
N14 Jenderal Sudirman,1,1192,64,25.35,13,7/17/2022
N14 Jenderal Sudirman,1,1461,89,23.349998,10,7/17/2022
N14 Jenderal Sudirman,2,618,88,16.11,10,7/17/2022
N14 Jenderal Sudirman,2,1319,129,17.91,31,7/17/2022
N14 Jenderal Sudirman,1,1543,95,23.185,14,7/17/2022
N14 Jenderal Sudirman,1,1257.5,88,22.64,10,7/17/2022
N14 Jenderal Sudirman,2,1228,114.5,18.36,74,7/17/2022
N14 Jenderal Sudirman,3,1228,230.5,12.655001,10,7/17/2022
N14 Jenderal Sudirman,1,1382,95,22.42,2,7/17/2022
N14 Jenderal Sudirman,2,1364.5,152.5,17.8,70,7/17/2022
N14 Jenderal Sudirman,3,1307,270.5,11.155,28,7/17/2022
N14 Jenderal Sudirman,4,491,358,4.38,1,7/17/2022
N14 Jenderal Sudirman,2,1200,135,18.68,39,7/17/2022
N14 Jenderal Sudirman,3,1461,481,9.86,59,7/17/2022
N14 Jenderal Sudirman,4,793,624,5.24,31,7/17/2022
N14 Jenderal Sudirman,1,1323,80,24.82,26,7/17/2022
N14 Jenderal Sudirman,2,982,121.5,17.810001,62,7/17/2022
N14 Jenderal Sudirman,3,1208,218.5,11.55,24,7/17/2022
N14 Jenderal Sudirman,4,1200,388,8.76,3,7/17/2022
N14 Jenderal Sudirman,1,1322,66,24.439999,16,7/17/2022
N14 Jenderal Sudirman,2,1394,142.5,19.5,100,7/17/2022
N14 Jenderal Sudirman,3,1228,212,13.29,14,7/17/2022
N14 Jenderal Sudirman,1,962,79,21.01,13,7/17/2022
N14 Jenderal Sudirman,2,1427.5,140,17.325,52,7/17/2022
N14 Jenderal Sudirman,3,946,275,11.2,79,7/17/2022
N14 Jenderal Sudirman,4,225,146,4.81,11,7/17/2022
N14 Jenderal Sudirman,1,1077,81,21.11,14,7/17/2022
N14 Jenderal Sudirman,2,1394,138.5,18.375,114,7/17/2022
N14 Jenderal Sudirman,3,906,161,13.01,30,7/17/2022
N14 Jenderal Sudirman,1,962,78,21.73,5,7/17/2022
N14 Jenderal Sudirman,2,1618,159,18.53,88,7/17/2022
N14 Jenderal Sudirman,3,866,165,13.78,39,7/17/2022
N14 Jenderal Sudirman,4,245,148,5.16,7,7/17/2022
N14 Jenderal Sudirman,2,869.5,119,17.13,22,7/17/2022
N14 Jenderal Sudirman,3,1216.5,264,11.41,84,7/17/2022
N14 Jenderal Sudirman,4,573,310.5,5.6549997,2,7/17/2022
N14 Jenderal Sudirman,1,1192,79.5,22.705,20,7/17/2022
N14 Jenderal Sudirman,2,1017,98.5,17.29,26,7/17/2022
N14 Jenderal Sudirman,3,1208,252,11.77,9,7/17/2022
N14 Jenderal Sudirman,1,1192,73,22.58,31,7/17/2022
N14 Jenderal Sudirman,2,1680,136,21.675,36,7/17/2022
N14 Jenderal Sudirman,1,1319,90,22.95,21,7/17/2022
N14 Jenderal Sudirman,2,979,101.5,19.235,14,7/17/2022
N14 Jenderal Sudirman,2,1319,110,20.95,17,7/17/2022
N14 Jenderal Sudirman,1,1208,94.5,21.33,8,7/17/2022
N14 Jenderal Sudirman,2,1461,130.5,19.73,6,7/18/2022
N14 Jenderal Sudirman,2,668,98,15.33,7,7/18/2022
N14 Jenderal Sudirman,3,278,104,7.49,9,7/18/2022
N14 Jenderal Sudirman,2,1325,134,20.35,7,7/18/2022
N14 Jenderal Sudirman,3,979,117,18.14,3,7/18/2022
N14 Jenderal Sudirman,2,1228,162,16.46,13,7/18/2022
N14 Jenderal Sudirman,1,946,69,24.44,5,7/18/2022
N14 Jenderal Sudirman,3,946,170.5,13.299999,8,7/18/2022
N14 Jenderal Sudirman,1,1459,93,22.83,6,7/18/2022
N14 Jenderal Sudirman,2,1536,136,21.77,28,7/18/2022
N14 Jenderal Sudirman,3,739,135,12.27,17,7/18/2022
N14 Jenderal Sudirman,1,1192,69.5,24.545,6,7/18/2022
N14 Jenderal Sudirman,2,1382,123,19.96,63,7/18/2022
N14 Jenderal Sudirman,2,743,105,17.57,32,7/18/2022
N14 Jenderal Sudirman,3,823,155,12.725,10,7/18/2022
N14 Jenderal Sudirman,1,1461,83,23.99,3,7/18/2022
N14 Jenderal Sudirman,3,772,245,8.18,15,7/18/2022
N14 Jenderal Sudirman,2,1325,119,20.68,59,7/18/2022
N14 Jenderal Sudirman,1,1307,96,22.25,7,7/18/2022
N14 Jenderal Sudirman,2,866,98,17.83,67,7/18/2022
N14 Jenderal Sudirman,2,1559,134,19.35,39,7/18/2022
N14 Jenderal Sudirman,3,704,178,12.370001,20,7/18/2022
N14 Jenderal Sudirman,3,962,176,12.29,33,7/18/2022
N14 Jenderal Sudirman,1,1325,61,29.55,3,7/18/2022
N14 Jenderal Sudirman,2,1901,173,20.24,33,7/18/2022
N14 Jenderal Sudirman,2,1156,117,20.55,25,7/18/2022
N14 Jenderal Sudirman,3,737,151.5,11.735,34,7/18/2022
N14 Jenderal Sudirman,1,1596,74,28.11,1,7/18/2022
N14 Jenderal Sudirman,2,1629,150,20.31,19,7/18/2022
N14 Jenderal Sudirman,3,1307,397,9.175,10,7/18/2022
N14 Jenderal Sudirman,4,882,451,6.8199997,4,7/18/2022
N14 Jenderal Sudirman,1,1325,65,28.82,15,7/18/2022
N14 Jenderal Sudirman,2,1618,174,17.93,23,7/18/2022
N14 Jenderal Sudirman,1,1208,95,20.91,18,7/18/2022
N14 Jenderal Sudirman,2,982,115,16.96,24,7/18/2022
N14 Jenderal Sudirman,1,1208,91,21.4,5,7/18/2022
N14 Jenderal Sudirman,2,701,84,17.61,23,7/18/2022
N14 Jenderal Sudirman,1,1307,64,26.21,2,7/18/2022
N14 Jenderal Sudirman,2,717,69,18.92,1,7/18/2022
N14 Jenderal Sudirman,2,704,78,16.98,14,7/18/2022
N14 Jenderal Sudirman,3,618,114,13.34,1,7/19/2022
N14 Jenderal Sudirman,2,1394,103,21.779999,4,7/19/2022
N14 Jenderal Sudirman,1,946,66,22.47,7,7/19/2022
N14 Jenderal Sudirman,2,1192,118,18.74,13,7/19/2022
N14 Jenderal Sudirman,1,1192,63,24.9,3,7/19/2022
N14 Jenderal Sudirman,2,1192,101,18.77,29,7/19/2022
N14 Jenderal Sudirman,3,1228,256.5,11.81,8,7/19/2022
N14 Jenderal Sudirman,3,982,174.5,13.129999,6,7/19/2022
N14 Jenderal Sudirman,1,1824,90,25.955,12,7/19/2022
N14 Jenderal Sudirman,2,1461,130,20.2,60,7/19/2022
N14 Jenderal Sudirman,2,776,80,18.55,45,7/19/2022
N14 Jenderal Sudirman,3,954,169,13.6,6,7/19/2022
N14 Jenderal Sudirman,1,1192,86,22.44,3,7/19/2022
N14 Jenderal Sudirman,2,1400.5,141.5,21.51,70,7/19/2022
N14 Jenderal Sudirman,3,1302.5,165,15.68,4,7/19/2022
N14 Jenderal Sudirman,2,743,99,15.97,55,7/19/2022
N14 Jenderal Sudirman,3,668,142.5,12.030001,20,7/19/2022
N14 Jenderal Sudirman,1,1629,70,25.26,3,7/19/2022
N14 Jenderal Sudirman,2,1063,108,19.505001,68,7/19/2022
N14 Jenderal Sudirman,3,709,158,13.32,35,7/19/2022
N14 Jenderal Sudirman,1,1461,100,22.83,1,7/19/2022
N14 Jenderal Sudirman,2,1536,139,20,55,7/19/2022
N14 Jenderal Sudirman,3,1559,325,11.67,23,7/19/2022
N14 Jenderal Sudirman,1,1335,92,22.68,5,7/19/2022
N14 Jenderal Sudirman,2,1200,94,18.855,56,7/19/2022
N14 Jenderal Sudirman,3,704,149.5,11.469999,34,7/19/2022
N14 Jenderal Sudirman,1,1192,97.5,21.08,6,7/19/2022
N14 Jenderal Sudirman,2,1192,105.5,19.51,26,7/19/2022
N14 Jenderal Sudirman,2,946,104,18.92,59,7/19/2022
N14 Jenderal Sudirman,1,1325,62,29.35,3,7/19/2022
N14 Jenderal Sudirman,1,1325,67,27.61,27,7/19/2022
N14 Jenderal Sudirman,2,962,128,18.11,35,7/19/2022
N14 Jenderal Sudirman,1,1942,92,28.1,9,7/19/2022
N14 Jenderal Sudirman,2,1156,82,22.560001,10,7/19/2022
N14 Jenderal Sudirman,3,701,129,12.93,9,7/19/2022
N14 Jenderal Sudirman,2,1382,112,18.15,17,7/20/2022
N14 Jenderal Sudirman,1,1267,82,23.03,3,7/20/2022
N14 Jenderal Sudirman,1,2127.5,89.5,27.985,10,7/20/2022
N14 Jenderal Sudirman,2,1382,109,21.12,9,7/20/2022
N14 Jenderal Sudirman,1,1543,96,23.3,30,7/20/2022
N14 Jenderal Sudirman,2,1100,95.5,18.73,24,7/20/2022
N14 Jenderal Sudirman,3,668,128,13.64,6,7/20/2022
N14 Jenderal Sudirman,1,946,69,22.28,19,7/20/2022
N14 Jenderal Sudirman,2,1228,131,18.83,60,7/20/2022
N14 Jenderal Sudirman,3,668,126.5,12.79,12,7/20/2022
N14 Jenderal Sudirman,2,1319,109,19.78,49,7/20/2022
N14 Jenderal Sudirman,1,1394,99,22.1,18,7/20/2022
N14 Jenderal Sudirman,3,668,135,12.24,1,7/20/2022
N14 Jenderal Sudirman,1,1192,83,22.86,3,7/20/2022
N14 Jenderal Sudirman,2,1110,112,19.96,28,7/20/2022
N14 Jenderal Sudirman,3,684,159,11.03,8,7/20/2022
N14 Jenderal Sudirman,1,1461,87,22.16,5,7/20/2022
N14 Jenderal Sudirman,2,962,98,17.64,59,7/20/2022
N14 Jenderal Sudirman,3,684.5,193,9.855,6,7/20/2022
N14 Jenderal Sudirman,1,1296,71.5,26.255001,2,7/20/2022
N14 Jenderal Sudirman,2,743,103,19.46,55,7/20/2022
N14 Jenderal Sudirman,3,701,251,9,51,7/20/2022
N14 Jenderal Sudirman,1,1267,79,23.42,3,7/20/2022
N14 Jenderal Sudirman,2,1382,136,18.19,65,7/20/2022
N14 Jenderal Sudirman,3,1543,336.5,10.915,28,7/20/2022
N14 Jenderal Sudirman,4,701,355,6.01,1,7/20/2022
N14 Jenderal Sudirman,1,1975,74,30.31,1,7/20/2022
N14 Jenderal Sudirman,2,2297,171,20.3,73,7/20/2022
N14 Jenderal Sudirman,3,739,145,11.48,5,7/20/2022
N14 Jenderal Sudirman,1,1325,72,24.39,9,7/20/2022
N14 Jenderal Sudirman,2,1559,140.5,21.77,82,7/20/2022
N14 Jenderal Sudirman,1,1325,69,25.56,5,7/20/2022
N14 Jenderal Sudirman,2,962,99,18.99,29,7/20/2022
N14 Jenderal Sudirman,3,515,101,14.1,4,7/20/2022
N14 Jenderal Sudirman,2,1461,106,21.16,26,7/20/2022
N14 Jenderal Sudirman,1,1394,84,23.63,19,7/20/2022
N14 Jenderal Sudirman,2,946,99.5,18.535,12,7/20/2022
N14 Jenderal Sudirman,2,2018,118,24.95,11,7/21/2022
N14 Jenderal Sudirman,1,1394,66,26,3,7/21/2022
N14 Jenderal Sudirman,2,1451,77.5,27.335,2,7/21/2022
N14 Jenderal Sudirman,1,1307,73,22.865,10,7/21/2022
N14 Jenderal Sudirman,2,1150.5,115.5,19.195,18,7/21/2022
N14 Jenderal Sudirman,3,704,133,12.43,3,7/21/2022
N14 Jenderal Sudirman,1,962,75,20.675,6,7/21/2022
N14 Jenderal Sudirman,2,962,112,16.94,25,7/21/2022
N14 Jenderal Sudirman,1,1325,71,27.78,3,7/21/2022
N14 Jenderal Sudirman,2,1325,74,27.29,6,7/21/2022
N14 Jenderal Sudirman,1,1182,64,28.355,2,7/21/2022
N14 Jenderal Sudirman,2,1325,81,26.21,11,7/21/2022
N14 Jenderal Sudirman,1,1325,67,28.46,5,7/21/2022
N14 Jenderal Sudirman,1,1325,68,28.26,1,7/21/2022
N14 Jenderal Sudirman,2,1325,77,26.88,15,7/21/2022
N14 Jenderal Sudirman,1,1324,66,28.26,15,7/21/2022
N14 Jenderal Sudirman,2,1325,77,26.92,15,7/21/2022
N14 Jenderal Sudirman,3,484,107,11.25,9,7/21/2022
N14 Jenderal Sudirman,1,1325,63.5,29.119999,8,7/21/2022
N14 Jenderal Sudirman,2,866,112.5,16.365002,12,7/21/2022
N14 Jenderal Sudirman,3,866,180,12.1,41,7/21/2022
N14 Jenderal Sudirman,4,346,138,7.535,6,7/21/2022
N14 Jenderal Sudirman,1,1100,62,27.73,5,7/21/2022
N14 Jenderal Sudirman,2,1324,81.5,25.755001,12,7/21/2022
N14 Jenderal Sudirman,1,1325,67,28.54,8,7/22/2022
N14 Jenderal Sudirman,1,1182,67,27.87,3,7/22/2022
N14 Jenderal Sudirman,2,1325,107.5,22.849998,8,7/22/2022
N14 Jenderal Sudirman,2,1325,77,26.87,6,7/22/2022
N14 Jenderal Sudirman,2,979,86,22.21,19,7/22/2022
N14 Jenderal Sudirman,2,979,81,22.21,1,7/22/2022
N14 Jenderal Sudirman,2,866,60,22.52,3,7/22/2022
N14 Jenderal Sudirman,2,807,74,19.435001,22,7/22/2022
N14 Jenderal Sudirman,3,754,95.5,17.96,2,7/22/2022
N14 Jenderal Sudirman,2,866,79,19.8,20,7/22/2022
N14 Jenderal Sudirman,3,583,104,13.86,13,7/22/2022
N14 Jenderal Sudirman,2,1325,79,26.61,3,7/22/2022
N14 Jenderal Sudirman,3,506,98,12.96,3,7/22/2022
N14 Jenderal Sudirman,1,1325,67,28.425,12,7/22/2022
N14 Jenderal Sudirman,2,1182,92.5,21.76,26,7/22/2022
N14 Jenderal Sudirman,3,866,165.5,12.645,18,7/22/2022
N14 Jenderal Sudirman,2,807,77,19.03,2,7/22/2022
N14 Jenderal Sudirman,2,866,71,20.53,3,7/22/2022
N14 Jenderal Sudirman,1,1325,67,28.55,3,7/23/2022
N14 Jenderal Sudirman,2,639,63,18.494999,4,7/23/2022
N14 Jenderal Sudirman,1,1325,60,29.71,1,7/23/2022
N14 Jenderal Sudirman,2,866,91,17.96,9,7/23/2022
N14 Jenderal Sudirman,1,1324,62.5,28.970001,6,7/23/2022
N14 Jenderal Sudirman,2,1325,99,20.52,38,7/23/2022
N14 Jenderal Sudirman,3,700,125,14.215,6,7/23/2022
N14 Jenderal Sudirman,1,1325,65.5,28.735,14,7/23/2022
N14 Jenderal Sudirman,2,1325,77,26.35,11,7/23/2022
N14 Jenderal Sudirman,3,580,99,13.5,3,7/23/2022
N14 Jenderal Sudirman,4,225,174,4.12,12,7/23/2022
N14 Jenderal Sudirman,1,1325,68,28.33,7,7/23/2022
N14 Jenderal Sudirman,2,1325,96,23.91,13,7/23/2022
N14 Jenderal Sudirman,3,583,74,17.27,7,7/23/2022
N14 Jenderal Sudirman,1,1325,62,29.44,1,7/23/2022
N14 Jenderal Sudirman,2,1325,85,19.135,26,7/23/2022
N14 Jenderal Sudirman,3,807,145,13.42,61,7/23/2022
N14 Jenderal Sudirman,4,346,135,7.78,1,7/23/2022
N14 Jenderal Sudirman,2,1325,77.5,25.08,14,7/23/2022
N14 Jenderal Sudirman,3,807,133,13.95,3,7/23/2022
N14 Jenderal Sudirman,2,1325,89,24.96,19,7/23/2022
N14 Jenderal Sudirman,1,1325,70,28.06,15,7/23/2022
N14 Jenderal Sudirman,3,866,146,13.72,7,7/23/2022
N14 Jenderal Sudirman,2,1324,125,20.97,11,7/23/2022
N14 Jenderal Sudirman,3,807,186.5,11.09,6,7/23/2022
N14 Jenderal Sudirman,4,504,209.5,6.7,4,7/23/2022
N14 Jenderal Sudirman,2,1324,76,26.65,9,7/23/2022
N14 Jenderal Sudirman,3,321,96,8.95,2,7/23/2022
N14 Jenderal Sudirman,2,723,71,18.3,12,7/23/2022
N14 Jenderal Sudirman,1,1182,63.5,27.88,6,7/23/2022
N14 Jenderal Sudirman,2,1325,80.5,26.235,12,7/24/2022
N14 Jenderal Sudirman,3,583,118.5,12.63,12,7/24/2022
N14 Jenderal Sudirman,3,625,150,11.54,9,7/24/2022
N14 Jenderal Sudirman,2,663,73,17.3,7,7/24/2022
N14 Jenderal Sudirman,1,1325,66,28.68,6,7/24/2022
N14 Jenderal Sudirman,2,866,75.5,19.925,12,7/24/2022
N14 Jenderal Sudirman,4,225,101,6.56,2,7/25/2022
N14 Jenderal Sudirman,1,1325,62,29.4,7,7/25/2022
N14 Jenderal Sudirman,2,979,66,24.51,11,7/25/2022
N14 Jenderal Sudirman,1,1324,60,29.45,9,7/25/2022
N14 Jenderal Sudirman,2,1325,86.5,25.54,10,7/25/2022
N14 Jenderal Sudirman,2,807,72.5,19.665,12,7/25/2022
N14 Jenderal Sudirman,1,1100,61,27.7,2,7/25/2022
N14 Jenderal Sudirman,2,1325,83,25.97,1,7/25/2022
N14 Jenderal Sudirman,2,1325,122,21.41,15,7/25/2022
N14 Jenderal Sudirman,3,401,143,7.875,10,7/26/2022
N14 Jenderal Sudirman,2,1325,82,26.13,9,7/26/2022
N14 Jenderal Sudirman,1,1325,71,27.85,11,7/26/2022
N14 Jenderal Sudirman,2,1325,79,26.53,9,7/26/2022
N14 Jenderal Sudirman,1,1325,70.5,27.945,6,7/26/2022
N14 Jenderal Sudirman,3,544.5,104,13.13,2,7/26/2022
N14 Jenderal Sudirman,1,1325,63,29.16,10,7/26/2022
N14 Jenderal Sudirman,1,1182,63,28.59,2,7/26/2022
N14 Jenderal Sudirman,2,1325,87,22.38,7,7/26/2022
N14 Jenderal Sudirman,1,1325,60,29.79,3,7/26/2022
N14 Jenderal Sudirman,2,1152,105.5,21.14,4,7/26/2022
N14 Jenderal Sudirman,1,1100,64,27.74,2,7/26/2022
N14 Jenderal Sudirman,2,1182,102,22.435,20,7/26/2022
N14 Jenderal Sudirman,1,1324,62,29.060001,10,7/26/2022
N14 Jenderal Sudirman,2,807,69,19.9,3,7/26/2022
N14 Jenderal Sudirman,4,153,239,2.13,2,7/26/2022
N14 Jenderal Sudirman,1,1325,61,29.52,6,7/27/2022
N14 Jenderal Sudirman,2,979,69,24.22,21,7/27/2022
N14 Jenderal Sudirman,2,1325,120,21.17,15,7/27/2022
N14 Jenderal Sudirman,3,836,106,17.9,2,7/27/2022
N14 Jenderal Sudirman,2,1325,82,25.95,15,7/27/2022
N14 Jenderal Sudirman,3,380,88,10.83,1,7/27/2022
N14 Jenderal Sudirman,1,1325,61,29.45,9,7/27/2022
N14 Jenderal Sudirman,3,628,119,12.5,12,7/27/2022
N14 Jenderal Sudirman,2,979,97,20.21,2,7/28/2022
N14 Jenderal Sudirman,2,1325,79.5,26.509998,10,7/28/2022
N14 Jenderal Sudirman,2,1325,79.5,26.515,10,7/28/2022
N14 Jenderal Sudirman,1,1325,60,29.84,2,7/28/2022
N14 Jenderal Sudirman,2,1325,79,26.53,9,7/28/2022
N14 Jenderal Sudirman,1,1324,60,29.400002,2,7/28/2022
N14 Jenderal Sudirman,2,700,74,19.38,11,7/28/2022
N14 Jenderal Sudirman,1,1324,62,29.02,11,7/28/2022
N14 Jenderal Sudirman,2,1324,87,25.44,33,7/28/2022
N14 Jenderal Sudirman,2,807,66,20.91,2,7/28/2022
N14 Jenderal Sudirman,1,1324,66,28.3,1,7/28/2022
N14 Jenderal Sudirman,2,807,80,18.71,3,7/28/2022
N14 Jenderal Sudirman,3,866,116,15.8,1,7/28/2022
N14 Jenderal Sudirman,1,1325,71,27.91,1,7/29/2022
N14 Jenderal Sudirman,2,1325,137,20.11,11,7/29/2022
N14 Jenderal Sudirman,3,583,117,12.76,3,7/29/2022
N14 Jenderal Sudirman,1,1324,70.5,27.68,2,7/29/2022
N14 Jenderal Sudirman,2,1324,73,27.27,7,7/29/2022
N14 Jenderal Sudirman,2,866,70,20.6,4,7/29/2022
N14 Jenderal Sudirman,2,722,68,18.88,4,7/29/2022
N14 Jenderal Sudirman,3,583,83,16.075,4,7/29/2022
N14 Jenderal Sudirman,1,1324,70,27.76,3,7/29/2022
N14 Jenderal Sudirman,2,1324,73,27.21,9,7/29/2022
N14 Jenderal Sudirman,3,583,75,17.12,11,7/29/2022
N14 Jenderal Sudirman,1,1324,63,28.83,22,7/29/2022
N14 Jenderal Sudirman,2,1324,79,26.37,18,7/29/2022
N14 Jenderal Sudirman,3,628,152,10.8,38,7/29/2022
N14 Jenderal Sudirman,4,380,156,7.03,1,7/29/2022
N14 Jenderal Sudirman,4,236,117,5.93,5,7/29/2022
N14 Jenderal Sudirman,2,1324,77,26.64,5,7/29/2022
N14 Jenderal Sudirman,1,1325,67,28.47,21,7/29/2022
N14 Jenderal Sudirman,1,1325,72.5,27.625,2,7/29/2022
N14 Jenderal Sudirman,2,1325,74,27.36,6,7/29/2022
N14 Jenderal Sudirman,1,1325,64,29.07,2,7/29/2022
N14 Jenderal Sudirman,3,625,81,17.89,11,7/30/2022
N14 Jenderal Sudirman,2,625,76,18.595,2,7/30/2022
N14 Jenderal Sudirman,1,1182,65,28.18,12,7/30/2022
N14 Jenderal Sudirman,2,1095.5,79,19.635,24,7/30/2022
N14 Jenderal Sudirman,3,866,155,13.03,21,7/30/2022
N14 Jenderal Sudirman,2,807,64,19.635,24,7/30/2022
N14 Jenderal Sudirman,1,1325,63,29.18,2,7/30/2022
N14 Jenderal Sudirman,2,1325,95,23.76,11,7/30/2022
N14 Jenderal Sudirman,3,583,81,16.37,12,7/30/2022
N14 Jenderal Sudirman,2,700,80.5,18.57,14,7/30/2022
N14 Jenderal Sudirman,3,628,127,13.7,33,7/30/2022
N14 Jenderal Sudirman,4,227,149,4.84,3,7/30/2022
N14 Jenderal Sudirman,1,1324,63,28.85,4,7/30/2022
N14 Jenderal Sudirman,2,941,75,19.875,22,7/30/2022
N14 Jenderal Sudirman,3,583,98,15.15,28,7/30/2022
N14 Jenderal Sudirman,4,506,204,7.46,7,7/30/2022
N14 Jenderal Sudirman,1,1325,70,28.009998,8,7/30/2022
N14 Jenderal Sudirman,2,807,90,18.89,36,7/30/2022
N14 Jenderal Sudirman,3,700,101,16.03,1,7/30/2022
N14 Jenderal Sudirman,1,1253,66,28.185001,4,7/30/2022
N14 Jenderal Sudirman,2,1324,96,23.34,32,7/30/2022
N14 Jenderal Sudirman,3,628,116,13.64,29,7/30/2022
N14 Jenderal Sudirman,2,1325,90,25.225,6,7/30/2022
N14 Jenderal Sudirman,3,794,117,15.379999,18,7/30/2022
N14 Jenderal Sudirman,2,1182,71.5,27.005001,6,7/30/2022
N14 Jenderal Sudirman,3,236,93.5,7.03,4,7/30/2022
N14 Jenderal Sudirman,1,1324,62,29.06,1,7/30/2022
N14 Jenderal Sudirman,2,1324,73,27.17,6,7/30/2022
N14 Jenderal Sudirman,3,583,83,16.11,2,7/30/2022
N14 Jenderal Sudirman,2,639,62,18.57,9,7/30/2022
N14 Jenderal Sudirman,3,742,104,17.01,2,7/30/2022
N14 Jenderal Sudirman,3,700,114,14.84,8,7/31/2022
N14 Jenderal Sudirman,2,866,63,21.72,3,7/31/2022
N14 Jenderal Sudirman,1,1325,69,28.15,1,7/31/2022
N14 Jenderal Sudirman,2,1325,73,27.46,5,7/31/2022
N14 Jenderal Sudirman,2,1325,73,27.51,1,7/31/2022
N14 Jenderal Sudirman,1,1325,70.5,27.880001,6,7/31/2022
N14 Jenderal Sudirman,1,1324,64,28.74,2,7/31/2022
N14 Jenderal Sudirman,2,628,70.5,18.060001,12,7/31/2022
N14 Jenderal Sudirman,2,1325,77,26.69,23,7/31/2022
N14 Jenderal Sudirman,3,628,129.5,12.665,6,7/31/2022
N14 Jenderal Sudirman,2,639,73,17.12,2,7/31/2022
N14 Jenderal Sudirman,3,866,117.5,15.635,8,7/31/2022
N14 Jenderal Sudirman,3,580,113,12.35,19,7/31/2022
N14 Jenderal Sudirman,1,1325,62,29.36,16,7/31/2022
N14 Jenderal Sudirman,2,866,73,20.6,3,7/31/2022
N14 Jenderal Sudirman,1,1325,69.5,28.08,10,7/31/2022
N14 Jenderal Sudirman,2,1212.5,122.5,20.635,4,7/31/2022
N14 Jenderal Sudirman,3,979,117,18.13,4,7/31/2022
N14 Jenderal Sudirman,3,583,145,10.805,8,8/1/2022
N14 Jenderal Sudirman,4,225,122,5.61,1,8/1/2022
N14 Jenderal Sudirman,3,979,142,15.98,9,8/1/2022
N14 Jenderal Sudirman,1,1324,61.5,29.130001,6,8/1/2022
N14 Jenderal Sudirman,2,979,61,25.41,4,8/1/2022
N14 Jenderal Sudirman,1,1325,66,28.73,10,8/1/2022
N14 Jenderal Sudirman,2,1325,83,25.99,2,8/1/2022
N14 Jenderal Sudirman,2,1325,130,20.71,9,8/1/2022
N14 Jenderal Sudirman,1,1324,67,28.189999,12,8/1/2022
N14 Jenderal Sudirman,2,628,69,17.62,2,8/1/2022
N14 Jenderal Sudirman,1,1325,71,27.82,5,8/1/2022
N14 Jenderal Sudirman,1,1324,68.5,28.075,16,8/1/2022
N14 Jenderal Sudirman,2,979,60,25.67,1,8/1/2022
N14 Jenderal Sudirman,1,1325,62,29.4,8,8/1/2022
N14 Jenderal Sudirman,2,1325,76,27.01,9,8/1/2022
N14 Jenderal Sudirman,2,1152,73.5,25.36,6,8/1/2022
N14 Jenderal Sudirman,1,1324,62,29.09,3,8/2/2022
N14 Jenderal Sudirman,2,1324,77.5,26.490002,10,8/2/2022
N14 Jenderal Sudirman,2,1325,95.5,24.25,12,8/2/2022
N14 Jenderal Sudirman,1,1325,62,29.27,1,8/2/2022
N14 Jenderal Sudirman,2,1325,84.5,24.619999,18,8/2/2022
N14 Jenderal Sudirman,3,583,84,16.05,9,8/2/2022
N14 Jenderal Sudirman,1,1325,66,28.54,3,8/2/2022
N14 Jenderal Sudirman,2,1325,138.5,19.945,2,8/2/2022
N14 Jenderal Sudirman,3,506,86,14.34,11,8/2/2022
N14 Jenderal Sudirman,2,700,74,19.75,7,8/2/2022
N14 Jenderal Sudirman,3,625,93,16.09,9,8/2/2022
N14 Jenderal Sudirman,1,1324,65,28.57,3,8/2/2022
N14 Jenderal Sudirman,2,1325,80.5,26.06,12,8/2/2022
N14 Jenderal Sudirman,3,506,80,15.07,2,8/2/2022
N14 Jenderal Sudirman,1,1324,63.5,28.755,8,8/2/2022
N14 Jenderal Sudirman,2,1324,74,26.78,17,8/2/2022
N14 Jenderal Sudirman,1,1253.5,67,28.14,4,8/2/2022
N14 Jenderal Sudirman,3,628,111,13.86,2,8/2/2022
N14 Jenderal Sudirman,4,248,105,7.07,3,8/2/2022
N14 Jenderal Sudirman,1,1182,61.5,28.740002,8,8/2/2022
N14 Jenderal Sudirman,3,505,135.5,10.2,8,8/2/2022
N14 Jenderal Sudirman,2,979,81.5,22.355,8,8/3/2022
N14 Jenderal Sudirman,1,1182,63,28.52,3,8/3/2022
N14 Jenderal Sudirman,2,700,82,18.79,7,8/3/2022
N14 Jenderal Sudirman,3,700,91,17.13,21,8/3/2022
N14 Jenderal Sudirman,2,700,79,18.79,1,8/3/2022
N14 Jenderal Sudirman,2,1325,79,26.5,3,8/3/2022
N14 Jenderal Sudirman,1,1324,63,28.79,9,8/3/2022
N14 Jenderal Sudirman,2,1325,77,26.83,7,8/3/2022
N14 Jenderal Sudirman,1,1325,68,28.25,1,8/3/2022
N14 Jenderal Sudirman,2,742,97,17.53,5,8/3/2022
N14 Jenderal Sudirman,2,1325,102,23.02,19,8/3/2022
N14 Jenderal Sudirman,1,1325,67.5,28.279999,8,8/3/2022
N14 Jenderal Sudirman,3,583,81,16.49,6,8/3/2022
N14 Jenderal Sudirman,1,1182,60,29.12,1,8/3/2022
N14 Jenderal Sudirman,2,1325,128.5,20.765,8,8/3/2022
N14 Jenderal Sudirman,1,1325,70,27.8,13,8/4/2022
N14 Jenderal Sudirman,2,1324,71.5,27.439999,2,8/4/2022
N14 Jenderal Sudirman,2,807,82,20.19,9,8/4/2022
N14 Jenderal Sudirman,3,583,100,14.37,2,8/4/2022
N14 Jenderal Sudirman,2,1325,83,26,1,8/4/2022
N14 Jenderal Sudirman,1,1325,65,28.81,2,8/4/2022
N14 Jenderal Sudirman,2,1325,83,26,1,8/4/2022
N14 Jenderal Sudirman,2,700,70,20.18,1,8/4/2022
N14 Jenderal Sudirman,3,979,125,17.36,7,8/4/2022
N14 Jenderal Sudirman,1,1325,66,28.55,15,8/4/2022
N14 Jenderal Sudirman,2,1325,74,27.28,3,8/4/2022
N14 Jenderal Sudirman,2,807,96,17.22,17,8/4/2022
N14 Jenderal Sudirman,3,628,92,14.95,1,8/4/2022
N14 Jenderal Sudirman,2,628,70,17.48,1,8/4/2022
N14 Jenderal Sudirman,1,1324,63,28.83,11,8/5/2022
N14 Jenderal Sudirman,4,227,103,6.71,5,8/5/2022
N14 Jenderal Sudirman,3,583,88,15.48,9,8/5/2022
N14 Jenderal Sudirman,1,1100,63,27.58,1,8/5/2022
N14 Jenderal Sudirman,2,1100,64,27.5,2,8/5/2022
N14 Jenderal Sudirman,2,979,78,22.81,17,8/5/2022
N14 Jenderal Sudirman,1,1324,63,28.84,4,8/5/2022
N14 Jenderal Sudirman,1,1182,61,28.93,1,8/5/2022
N14 Jenderal Sudirman,2,1325,86,25.56,9,8/5/2022
N14 Jenderal Sudirman,2,978,94,23.67,27,8/5/2022
N14 Jenderal Sudirman,3,628,122,12.47,1,8/5/2022
N14 Jenderal Sudirman,1,1182,64,28.21,2,8/5/2022
N14 Jenderal Sudirman,2,1325,88,25.25,4,8/5/2022
N14 Jenderal Sudirman,2,1325,92,24.69,5,8/5/2022
N14 Jenderal Sudirman,2,807,61,22.41,7,8/5/2022
N14 Jenderal Sudirman,2,979,62,25.47,5,8/6/2022
N14 Jenderal Sudirman,3,700,186.5,10.71,12,8/6/2022
N14 Jenderal Sudirman,1,1325,65.5,28.675,10,8/6/2022
N14 Jenderal Sudirman,2,978,62,25.28,7,8/6/2022
N14 Jenderal Sudirman,1,1325,64.5,28.82,4,8/6/2022
N14 Jenderal Sudirman,2,807,76.5,19.09,12,8/6/2022
N14 Jenderal Sudirman,3,506,122,11.15,9,8/6/2022
N14 Jenderal Sudirman,4,225,104,6.46,2,8/6/2022
N14 Jenderal Sudirman,2,1324,75,26.87,2,8/6/2022
N14 Jenderal Sudirman,3,583,87,15.58,9,8/6/2022
N14 Jenderal Sudirman,4,544.5,190.5,8.325,10,8/6/2022
N14 Jenderal Sudirman,1,1325,66,28.64,23,8/6/2022
N14 Jenderal Sudirman,2,1324,73,27.29,13,8/6/2022
N14 Jenderal Sudirman,3,628,90,15.174999,8,8/6/2022
N14 Jenderal Sudirman,2,850,72,21.695,18,8/6/2022
N14 Jenderal Sudirman,1,1325,61,29.474998,12,8/6/2022
N14 Jenderal Sudirman,1,1325,60.5,29.545,6,8/6/2022
N14 Jenderal Sudirman,2,979,84,21.96,35,8/6/2022
N14 Jenderal Sudirman,3,700,85,18.04,1,8/6/2022
N14 Jenderal Sudirman,1,1325,64,28.865,4,8/6/2022
N14 Jenderal Sudirman,2,1325,75.5,26.215,24,8/6/2022
N14 Jenderal Sudirman,1,1325,67,28.34,7,8/6/2022
N14 Jenderal Sudirman,1,1325,70,27.85,11,8/6/2022
N14 Jenderal Sudirman,2,1325,76,26.945,4,8/6/2022
N14 Jenderal Sudirman,3,583,98,14.5,3,8/7/2022
N14 Jenderal Sudirman,2,979,68,24.53,2,8/7/2022
N14 Jenderal Sudirman,2,979,63,25.310001,4,8/7/2022
N14 Jenderal Sudirman,1,1325,71,27.77,1,8/7/2022
N14 Jenderal Sudirman,2,979,62,25.43,8,8/7/2022
N14 Jenderal Sudirman,1,1325,71,27.68,5,8/7/2022
N14 Jenderal Sudirman,2,1325,73,27.31,6,8/7/2022
N14 Jenderal Sudirman,4,346,121.5,8.475,4,8/7/2022
N14 Jenderal Sudirman,1,1325,71,27.79,13,8/7/2022
N14 Jenderal Sudirman,2,979,63.5,25.3,6,8/7/2022
N14 Jenderal Sudirman,2,1324,72,27.04,13,8/7/2022
N14 Jenderal Sudirman,3,506,84,14.56,2,8/7/2022
N14 Jenderal Sudirman,4,225,133,5.255,8,8/7/2022
N14 Jenderal Sudirman,1,1324,65,28.44,3,8/7/2022
N14 Jenderal Sudirman,1,1325,65,28.77,2,8/7/2022
N14 Jenderal Sudirman,2,628,68,17.79,7,8/7/2022
N14 Jenderal Sudirman,2,807,71,20.785,4,8/7/2022
N14 Jenderal Sudirman,1,1325,67,28.45,8,8/7/2022
N14 Jenderal Sudirman,2,836,75,22.02,3,8/7/2022
N14 Jenderal Sudirman,3,700,93.5,16.8,12,8/7/2022
N14 Jenderal Sudirman,1,1324,60,29.44,2,8/7/2022
N14 Jenderal Sudirman,3,699,106,15.53,7,8/8/2022
N14 Jenderal Sudirman,1,1325,70,27.94,9,8/8/2022
N14 Jenderal Sudirman,1,1325,60,29.685,2,8/8/2022
N14 Jenderal Sudirman,1,1182,67,27.65,1,8/8/2022
N14 Jenderal Sudirman,2,1325,102,22.01,21,8/8/2022
N14 Jenderal Sudirman,2,979,77.5,22.935,8,8/8/2022
N14 Jenderal Sudirman,2,978,67,24.29,19,8/8/2022
N14 Jenderal Sudirman,2,628,82,16.02,2,8/8/2022
N14 Jenderal Sudirman,3,628,84.5,15.65,8,8/8/2022
N14 Jenderal Sudirman,1,1325,64,28.895,4,8/8/2022
N14 Jenderal Sudirman,2,1325,82,25.92,9,8/8/2022
N14 Jenderal Sudirman,3,396,108.5,10.235001,6,8/8/2022
N14 Jenderal Sudirman,1,1325,69,28.05,7,8/8/2022
N14 Jenderal Sudirman,3,396,106,10.59,6,8/8/2022
N14 Jenderal Sudirman,1,1325,60,29.62,3,8/8/2022
N14 Jenderal Sudirman,1,1182,66,27.84,1,8/9/2022
N14 Jenderal Sudirman,2,1325,80,26.35,9,8/9/2022
N14 Jenderal Sudirman,2,979,61,25.22,6,8/9/2022
N14 Jenderal Sudirman,3,700,96,16.47,17,8/9/2022
N14 Jenderal Sudirman,1,1100,62,27.75,5,8/9/2022
N14 Jenderal Sudirman,2,1100,65,27.26,5,8/9/2022
N14 Jenderal Sudirman,2,1325,81.5,25.72,10,8/9/2022
N14 Jenderal Sudirman,1,1324,63.5,28.755001,14,8/9/2022
N14 Jenderal Sudirman,2,1325,80,25.81,5,8/9/2022
N14 Jenderal Sudirman,1,1324,60,29.380001,4,8/9/2022
N14 Jenderal Sudirman,3,700,85,17.58,9,8/9/2022
N14 Jenderal Sudirman,3,506,111,11.77,9,8/10/2022
N14 Jenderal Sudirman,1,1182,67,27.57,1,8/10/2022
N14 Jenderal Sudirman,2,1325,106,22.63,11,8/10/2022
N14 Jenderal Sudirman,2,1325,104,22.970001,2,8/10/2022
N14 Jenderal Sudirman,2,1325,101.5,23.11,8,8/10/2022
N14 Jenderal Sudirman,2,700,63,20.93,1,8/10/2022
N14 Jenderal Sudirman,2,1325,75,26.66,1,8/10/2022
N14 Jenderal Sudirman,1,1325,68,27.79,7,8/10/2022
N14 Jenderal Sudirman,2,1325,75,26.75,23,8/10/2022
N14 Jenderal Sudirman,1,1324,64.5,28.555,4,8/10/2022
N14 Jenderal Sudirman,2,807,74,19.385,8,8/10/2022
N14 Jenderal Sudirman,2,807,81,18.52,7,8/10/2022
N14 Jenderal Sudirman,3,380,93.5,10.82,6,8/10/2022
N14 Jenderal Sudirman,1,1325,62.5,28.725,8,8/10/2022
N14 Jenderal Sudirman,2,866,83.5,19.005001,10,8/10/2022
N14 Jenderal Sudirman,2,979,61,25.21,5,8/10/2022
N14 Jenderal Sudirman,4,346,129,8.09,11,8/11/2022
N14 Jenderal Sudirman,3,1325,157,18.33,1,8/11/2022
N14 Jenderal Sudirman,1,1324,62,29,5,8/11/2022
N14 Jenderal Sudirman,1,1324,61.5,29.115,4,8/11/2022
N14 Jenderal Sudirman,2,1325,85.5,25.17,12,8/11/2022
N14 Jenderal Sudirman,3,700,194,10.46,13,8/11/2022
N14 Jenderal Sudirman,1,1324,72,27.33,9,8/11/2022
N14 Jenderal Sudirman,1,1325,66,28.05,3,8/11/2022
N14 Jenderal Sudirman,2,1325,75.5,26.675,6,8/11/2022
N14 Jenderal Sudirman,2,979,88,21.1,23,8/11/2022
N14 Jenderal Sudirman,1,1325,60,29.15,8,8/11/2022
N14 Jenderal Sudirman,1,1325,65,28.23,11,8/11/2022
N14 Jenderal Sudirman,2,1324,118,21.68,4,8/12/2022
N14 Jenderal Sudirman,3,742,114.5,15.74,4,8/12/2022
N14 Jenderal Sudirman,2,1325,87,24.97,3,8/12/2022
N14 Jenderal Sudirman,2,1325,85,25.24,9,8/12/2022
N14 Jenderal Sudirman,1,1325,68,27.77,6,8/12/2022
N14 Jenderal Sudirman,2,807,70,20.89,13,8/12/2022
N14 Jenderal Sudirman,2,807,65,20.96,26,8/12/2022
N14 Jenderal Sudirman,1,1324,67,28.18,7,8/12/2022
N14 Jenderal Sudirman,2,700,80,18.39,3,8/12/2022
N14 Jenderal Sudirman,1,1325,60,29.185,4,8/12/2022
N14 Jenderal Sudirman,3,700,83,17.97,7,8/12/2022
N14 Jenderal Sudirman,2,1325,96,23.845001,22,8/12/2022
N14 Jenderal Sudirman,1,1324,69,27.85,11,8/12/2022
N14 Jenderal Sudirman,1,1324,60,29.21,7,8/12/2022
N14 Jenderal Sudirman,2,979,89,20.97,2,8/12/2022
N14 Jenderal Sudirman,2,979,87,21.22,7,8/12/2022
N14 Jenderal Sudirman,1,1325,66.5,28.075,8,8/13/2022
N14 Jenderal Sudirman,3,583,79,16.42,2,8/13/2022
N14 Jenderal Sudirman,2,1324,80,25.244999,22,8/13/2022
N14 Jenderal Sudirman,2,628,61,18.82,1,8/13/2022
N14 Jenderal Sudirman,1,1325,65,28.37,4,8/13/2022
N14 Jenderal Sudirman,2,1325,76,26.095001,8,8/13/2022
N14 Jenderal Sudirman,1,1325,62,28.779999,4,8/13/2022
N14 Jenderal Sudirman,2,1325,72,27.14,5,8/13/2022
N14 Jenderal Sudirman,1,1324,64,28.635,14,8/13/2022
N14 Jenderal Sudirman,2,1325,81,24.85,43,8/13/2022
N14 Jenderal Sudirman,3,506,131,10.405001,6,8/13/2022
N14 Jenderal Sudirman,4,225,123,5.49,2,8/13/2022
N14 Jenderal Sudirman,1,1324.5,68.5,27.74,14,8/13/2022
N14 Jenderal Sudirman,2,1325,78,25.81,9,8/13/2022
N14 Jenderal Sudirman,3,866,193,11.32,5,8/13/2022
N14 Jenderal Sudirman,2,700,73,19.535,22,8/13/2022
N14 Jenderal Sudirman,2,866,85,18.74,11,8/13/2022
N14 Jenderal Sudirman,1,1325,62,28.8,4,8/13/2022
N14 Jenderal Sudirman,2,1182,71,26.73,3,8/13/2022
N14 Jenderal Sudirman,3,807,129.5,14.549999,8,8/13/2022
N14 Jenderal Sudirman,3,807,127,14.74,3,8/13/2022
N14 Jenderal Sudirman,1,1325,63,28.69,2,8/14/2022
N14 Jenderal Sudirman,2,1325,72,27.12,7,8/14/2022
N14 Jenderal Sudirman,1,1182,62.5,28.009998,4,8/14/2022
N14 Jenderal Sudirman,2,866,64,21.51,5,8/14/2022
N14 Jenderal Sudirman,2,1325,71,27.38,1,8/14/2022
N14 Jenderal Sudirman,1,1325,68,27.86,3,8/14/2022
N14 Jenderal Sudirman,2,1325,82,25.76,7,8/14/2022
N14 Jenderal Sudirman,2,1325,146,19.095001,8,8/14/2022
N14 Jenderal Sudirman,3,506,111,11.73,1,8/14/2022
N14 Jenderal Sudirman,2,1325,111.5,22.195,8,8/14/2022
N14 Jenderal Sudirman,1,1325,60,29.12,5,8/14/2022
N14 Jenderal Sudirman,2,1325,107,22.61,3,8/14/2022
N14 Jenderal Sudirman,1,1324,77.5,26.485,10,8/15/2022
N14 Jenderal Sudirman,3,506,88,13.8,3,8/15/2022
N14 Jenderal Sudirman,4,225,110,6.035,2,8/15/2022
N14 Jenderal Sudirman,1,1325,68,27.73,1,8/15/2022
N14 Jenderal Sudirman,2,1325,85,25.21,9,8/15/2022
N14 Jenderal Sudirman,2,979,92,20.6,3,8/15/2022
N14 Jenderal Sudirman,3,700,82,18.02,7,8/15/2022
N14 Jenderal Sudirman,2,979,69,23.7,15,8/15/2022
N14 Jenderal Sudirman,2,1324,84,25.05,13,8/15/2022
N14 Jenderal Sudirman,2,700,63,20.99,5,8/15/2022
N14 Jenderal Sudirman,2,836,79,21.24,9,8/16/2022
N14 Jenderal Sudirman,2,700,75,19.27,12,8/16/2022
N14 Jenderal Sudirman,3,1325,172,17.31,9,8/16/2022
N14 Jenderal Sudirman,1,1325,63,28.665,2,8/16/2022
N14 Jenderal Sudirman,2,580,74,16.63,18,8/16/2022
N14 Jenderal Sudirman,2,979,91,20.73,11,8/16/2022
N14 Jenderal Sudirman,1,1325,62,28.85,11,8/17/2022
N14 Jenderal Sudirman,2,1325,82,25.720001,2,8/17/2022
N14 Jenderal Sudirman,4,380,150.5,7.2200003,10,8/17/2022
N14 Jenderal Sudirman,1,1325,60,29.2,3,8/18/2022
N14 Jenderal Sudirman,1,1182,63,28.29,1,8/18/2022
N14 Jenderal Sudirman,2,1325,73,26.855,6,8/18/2022
N14 Jenderal Sudirman,1,1182,61,28.64,9,8/18/2022
N14 Jenderal Sudirman,2,1325,110.5,22.285,2,8/18/2022
N14 Jenderal Sudirman,2,866,62,22.46,14,8/18/2022
N14 Jenderal Sudirman,1,1325,66,28.05,13,8/18/2022
N14 Jenderal Sudirman,1,1325,60,29.21,4,8/18/2022
N14 Jenderal Sudirman,2,1324,89,24.7,17,8/18/2022
N14 Jenderal Sudirman,2,700,72,19.47,14,8/19/2022
N14 Jenderal Sudirman,3,583,76,16.73,2,8/19/2022
N14 Jenderal Sudirman,2,1325,79,25.89,5,8/19/2022
N14 Jenderal Sudirman,1,1100,61,27.985,8,8/19/2022
N14 Jenderal Sudirman,2,807,89,17.64,3,8/19/2022
N14 Jenderal Sudirman,2,807,82,19.05,2,8/19/2022
N14 Jenderal Sudirman,4,227,101,6.73,4,8/19/2022
N14 Jenderal Sudirman,2,866,72,20.39,14,8/19/2022
N14 Jenderal Sudirman,2,1325,140,19.605,12,8/19/2022
N14 Jenderal Sudirman,3,506,86,14.04,3,8/19/2022
N14 Jenderal Sudirman,2,1325,88,24.45,12,8/19/2022
N14 Jenderal Sudirman,1,1324,77,26.56,9,8/19/2022
N14 Jenderal Sudirman,2,1324,84,25.59,5,8/19/2022
N14 Jenderal Sudirman,1,1324,69,27.9,9,8/19/2022
N14 Jenderal Sudirman,2,866,82,24.11,18,8/19/2022
N14 Jenderal Sudirman,1,1325,64,28.445,4,8/19/2022
N14 Jenderal Sudirman,1,1325,63,28.56,3,8/19/2022
N14 Jenderal Sudirman,3,700,109,15.17,3,8/20/2022
N14 Jenderal Sudirman,3,700,105.5,15.31,8,8/20/2022
N14 Jenderal Sudirman,2,639,62,18.65,3,8/20/2022
N14 Jenderal Sudirman,1,1325,62,28.805,4,8/20/2022
N14 Jenderal Sudirman,3,506,79,14.8,3,8/20/2022
N14 Jenderal Sudirman,2,979,66,23.51,26,8/20/2022
N14 Jenderal Sudirman,3,583,77,16.61,3,8/20/2022
N14 Jenderal Sudirman,2,1325,82,25.7,4,8/20/2022
N14 Jenderal Sudirman,2,807,78,21.3,11,8/20/2022
N14 Jenderal Sudirman,3,628,97,14.47,9,8/20/2022
N14 Jenderal Sudirman,1,1325,63,28.69,2,8/20/2022
N14 Jenderal Sudirman,2,807,75,19.26,11,8/20/2022
N14 Jenderal Sudirman,3,628,115,12.97,28,8/20/2022
N14 Jenderal Sudirman,4,628,240,6.41,11,8/20/2022
N14 Jenderal Sudirman,2,628,72,17.2,6,8/20/2022
N14 Jenderal Sudirman,3,807,143,12.219999,8,8/20/2022
N14 Jenderal Sudirman,1,1324,69,27.65,10,8/20/2022
N14 Jenderal Sudirman,2,628,72,17.125,32,8/20/2022
N14 Jenderal Sudirman,3,401,95,11.08,17,8/20/2022
N14 Jenderal Sudirman,1,1324,66.5,28.09,12,8/20/2022
N14 Jenderal Sudirman,2,580,83,15.04,2,8/20/2022
N14 Jenderal Sudirman,3,700,96,16.42,15,8/20/2022
N14 Jenderal Sudirman,1,1141,63.5,27.885,6,8/20/2022
N14 Jenderal Sudirman,2,1324,89,24.75,16,8/20/2022
N14 Jenderal Sudirman,3,583,74,17,2,8/20/2022
N14 Jenderal Sudirman,2,979,61.5,25.060001,6,8/20/2022
N14 Jenderal Sudirman,2,639,63,18.41,1,8/20/2022
N14 Jenderal Sudirman,1,1325,68,27.85,1,8/20/2022
N14 Jenderal Sudirman,2,1325,75,26.67,3,8/20/2022
N14 Jenderal Sudirman,1,1325,64,28.46,3,8/21/2022
N14 Jenderal Sudirman,1,1325,63,28.630001,4,8/21/2022
N14 Jenderal Sudirman,3,700,110.5,15.345,2,8/21/2022
N14 Jenderal Sudirman,3,700,135,13.1,9,8/21/2022
N14 Jenderal Sudirman,2,976.5,73,21.990002,4,8/21/2022
N14 Jenderal Sudirman,2,628,68,17.8,3,8/21/2022
N14 Jenderal Sudirman,3,506,91,13.47,1,8/21/2022
N14 Jenderal Sudirman,2,1325,117,21.44,9,8/21/2022
N14 Jenderal Sudirman,1,1182,60,28.755001,2,8/21/2022
N14 Jenderal Sudirman,2,1182,82.5,24.75,18,8/21/2022
N14 Jenderal Sudirman,2,1182,72,26.345001,6,8/21/2022
N14 Jenderal Sudirman,1,1325,67.5,27.875,8,8/22/2022
N14 Jenderal Sudirman,2,628,77,17.1,9,8/22/2022
N14 Jenderal Sudirman,3,807,142,12.32,7,8/22/2022
N14 Jenderal Sudirman,4,227,116,6.02,1,8/22/2022
N14 Jenderal Sudirman,2,700,66,20.34,5,8/22/2022
N14 Jenderal Sudirman,2,700,69,19.91,9,8/22/2022
N14 Jenderal Sudirman,2,979,94.5,20.32,6,8/22/2022
N14 Jenderal Sudirman,3,979,148.5,15.49,12,8/22/2022
N14 Jenderal Sudirman,2,700,68,20.105,6,8/22/2022
N14 Jenderal Sudirman,2,866,61.5,21.849998,8,8/22/2022
N14 Jenderal Sudirman,2,978,70,24.225,20,8/22/2022
N14 Jenderal Sudirman,3,583,148,10.65,1,8/23/2022
N14 Jenderal Sudirman,3,583,144.5,10.77,10,8/23/2022
N14 Jenderal Sudirman,2,628,66,18.08,9,8/23/2022
N14 Jenderal Sudirman,2,1325,109,22.4,6,8/23/2022
N14 Jenderal Sudirman,3,700,95,16.51,3,8/23/2022
N14 Jenderal Sudirman,2,979,95,23.53,9,8/23/2022
N14 Jenderal Sudirman,2,1325,80.5,25.939999,12,8/23/2022
N14 Jenderal Sudirman,1,1325,70,27.55,2,8/24/2022
N14 Jenderal Sudirman,2,1325,72,27.13,6,8/24/2022
N14 Jenderal Sudirman,1,1325,62,28.74,11,8/24/2022
N14 Jenderal Sudirman,2,1325,103.5,23.045,2,8/24/2022
N14 Jenderal Sudirman,1,1325,62,28.75,7,8/24/2022
N14 Jenderal Sudirman,2,1325,75,26.720001,8,8/24/2022
N14 Jenderal Sudirman,1,1182,66,27.66,1,8/24/2022
N14 Jenderal Sudirman,2,1325,76,26.6,13,8/24/2022
N14 Jenderal Sudirman,3,505,81,14.72,9,8/24/2022
N14 Jenderal Sudirman,1,1324,69,27.650002,4,8/24/2022
N14 Jenderal Sudirman,2,1325,72.5,27.09,2,8/24/2022
N14 Jenderal Sudirman,2,807,72,20.23,1,8/25/2022
N14 Jenderal Sudirman,1,1324,68,27.67,13,8/25/2022
N14 Jenderal Sudirman,2,1325,85,25.24,10,8/25/2022
N14 Jenderal Sudirman,3,628,143,11.16,9,8/25/2022
N14 Jenderal Sudirman,2,639,63,18.92,6,8/25/2022
N14 Jenderal Sudirman,3,628,118,12.68,15,8/25/2022
N14 Jenderal Sudirman,2,628,63,18.54,9,8/25/2022
N14 Jenderal Sudirman,2,979,103,19.38,9,8/25/2022
N14 Jenderal Sudirman,2,979,99,19.81,1,8/25/2022
N14 Jenderal Sudirman,1,1324,61,28.96,5,8/25/2022
N14 Jenderal Sudirman,3,506,127,10.63,11,8/26/2022
N14 Jenderal Sudirman,1,1182,66,27.98,11,8/26/2022
N14 Jenderal Sudirman,2,663,68,18.25,3,8/26/2022
N14 Jenderal Sudirman,3,580,95,13.91,2,8/26/2022
N14 Jenderal Sudirman,1,1325,66,28.34,1,8/26/2022
N14 Jenderal Sudirman,2,1325,101.5,23.645,6,8/26/2022
N14 Jenderal Sudirman,3,700,107,15.34,4,8/26/2022
N14 Jenderal Sudirman,2,1325,99,23.565,16,8/26/2022
N14 Jenderal Sudirman,1,1325,64,28.72,4,8/26/2022
N14 Jenderal Sudirman,2,1325,94,24.15,11,8/26/2022
N14 Jenderal Sudirman,3,807,124,14.56,14,8/26/2022
N14 Jenderal Sudirman,2,978,82.5,25.75,12,8/26/2022
N14 Jenderal Sudirman,1,1324,61,29.7,8,8/26/2022
N14 Jenderal Sudirman,1,1100,63,28.43,17,8/26/2022
N14 Jenderal Sudirman,1,1325,66.5,28.32,8,8/26/2022
N14 Jenderal Sudirman,4,153,108,4.31,11,8/26/2022
N14 Jenderal Sudirman,2,979,73,23.185,8,8/27/2022
N14 Jenderal Sudirman,2,979,70.5,23.585,2,8/27/2022
N14 Jenderal Sudirman,2,866,89.5,19.485,14,8/27/2022
N14 Jenderal Sudirman,2,1325,95,23.86,15,8/27/2022
N14 Jenderal Sudirman,1,1324,66,28.76,10,8/27/2022
N14 Jenderal Sudirman,2,663,65,18.89,21,8/27/2022
N14 Jenderal Sudirman,3,583,100,14.15,11,8/27/2022
N14 Jenderal Sudirman,4,583,182,9.08,3,8/27/2022
N14 Jenderal Sudirman,3,628,149,12.58,18,8/27/2022
N14 Jenderal Sudirman,1,1324.5,64,29.165,4,8/27/2022
N14 Jenderal Sudirman,2,807,97,17.3,29,8/27/2022
N14 Jenderal Sudirman,3,663,144,12.64,9,8/27/2022
N14 Jenderal Sudirman,1,1324,63,29.349998,8,8/27/2022
N14 Jenderal Sudirman,1,1325,68,27.95,13,8/27/2022
N14 Jenderal Sudirman,2,1324,76.5,26.705,32,8/27/2022
N14 Jenderal Sudirman,3,583,94.5,14.59,6,8/27/2022
N14 Jenderal Sudirman,1,1324,65,29.06,19,8/27/2022
N14 Jenderal Sudirman,2,807,94,17.24,5,8/27/2022
N14 Jenderal Sudirman,1,1325,64,28.8,2,8/27/2022
N14 Jenderal Sudirman,2,1325,79,26.39,11,8/27/2022
N14 Jenderal Sudirman,1,1253,61,29.279999,2,8/27/2022
N14 Jenderal Sudirman,1,1325,70,27.72,1,8/27/2022
N14 Jenderal Sudirman,2,1325,85.5,25.46,8,8/27/2022
N14 Jenderal Sudirman,2,663,82,16.41,1,8/28/2022
N14 Jenderal Sudirman,3,484,77.5,13.84,2,8/28/2022
N14 Jenderal Sudirman,3,484,76,13.98,7,8/28/2022
N14 Jenderal Sudirman,1,1325,63,28.91,15,8/28/2022
N14 Jenderal Sudirman,3,628,96,15.24,1,8/28/2022
N14 Jenderal Sudirman,1,1325,69,27.87,1,8/28/2022
N14 Jenderal Sudirman,2,1325,84,25.63,18,8/28/2022
N14 Jenderal Sudirman,1,1324,67,28.705,6,8/28/2022
N14 Jenderal Sudirman,2,866,79,19.7,2,8/28/2022
N14 Jenderal Sudirman,1,1324,64,29.26,7,8/28/2022
N14 Jenderal Sudirman,3,625,85.5,17.259998,10,8/28/2022
N14 Jenderal Sudirman,1,1324,72.5,27.68,2,8/29/2022
N14 Jenderal Sudirman,2,1324,75,27.29,5,8/29/2022
N14 Jenderal Sudirman,3,506,79,14.81,9,8/29/2022
N14 Jenderal Sudirman,2,1325,82,25.86,1,8/29/2022
N14 Jenderal Sudirman,2,807,86.5,18.025,12,8/29/2022
N14 Jenderal Sudirman,1,1325,68,28.01,2,8/29/2022
N14 Jenderal Sudirman,2,639,83,16.045,2,8/29/2022
N14 Jenderal Sudirman,1,1325,68,28.04,2,8/29/2022
N14 Jenderal Sudirman,2,1253.5,109,22.2,2,8/29/2022
N14 Jenderal Sudirman,3,1325,207.5,15.36,12,8/29/2022
N14 Jenderal Sudirman,3,1325,166,17.81,2,8/29/2022
N14 Jenderal Sudirman,2,1325,89,24.8,11,8/29/2022
N14 Jenderal Sudirman,4,225,101.5,6.46,4,8/29/2022
N14 Jenderal Sudirman,2,1325,85,25.54,13,8/29/2022
N14 Jenderal Sudirman,1,1324,61,29.71,1,8/29/2022
N14 Jenderal Sudirman,2,1325,80,24.615,10,8/29/2022
N14 Jenderal Sudirman,2,1152,83,23.779999,4,8/29/2022
N14 Jenderal Sudirman,2,1325,75.5,26.91,10,8/29/2022
N14 Jenderal Sudirman,3,583,73,17.2,1,8/29/2022
N14 Jenderal Sudirman,2,628,80,16.24,1,8/29/2022
N14 Jenderal Sudirman,3,625,107.5,14.73,10,8/29/2022
N14 Jenderal Sudirman,2,979,75,22.89,9,8/30/2022
N14 Jenderal Sudirman,1,1325,65,28.54,16,8/30/2022
N14 Jenderal Sudirman,2,1325,72.5,27.325,12,8/30/2022
N14 Jenderal Sudirman,3,1325,158,18.33,1,8/30/2022
N14 Jenderal Sudirman,1,1324,66,28.86,1,8/30/2022
N14 Jenderal Sudirman,1,1325,68,28.15,13,8/30/2022
N14 Jenderal Sudirman,2,1325,72.5,27.32,2,8/30/2022
N14 Jenderal Sudirman,1,1325,70,27.79,1,8/30/2022
N14 Jenderal Sudirman,1,1324,61,29.74,6,8/30/2022
N14 Jenderal Sudirman,2,1324,76,27.12,2,8/30/2022
N14 Jenderal Sudirman,2,1325,78.5,26.435,4,8/31/2022
N14 Jenderal Sudirman,3,700,86,17.5,6,8/31/2022
N14 Jenderal Sudirman,1,1324,63,28.95,1,8/31/2022
N14 Jenderal Sudirman,2,866,60,23.42,5,8/31/2022
N14 Jenderal Sudirman,3,583,86,15.59,13,8/31/2022
N14 Jenderal Sudirman,1,1325,70,27.69,3,8/31/2022
N14 Jenderal Sudirman,2,807,73.5,19.8,8,8/31/2022
N14 Jenderal Sudirman,1,1182,65,28.18,1,8/31/2022
N14 Jenderal Sudirman,2,1325,78,26.44,11,8/31/2022
N14 Jenderal Sudirman,2,1324,85.5,25.48,10,8/31/2022
N14 Jenderal Sudirman,3,580,111,12.73,9,8/31/2022
N14 Jenderal Sudirman,2,1325,128,20.74,19,8/31/2022
N14 Jenderal Sudirman,2,979,102,19.52,1,8/31/2022
N14 Jenderal Sudirman,2,1325,77,26.58,9,9/1/2022
N14 Jenderal Sudirman,1,1182,68,27.63,1,9/1/2022
N14 Jenderal Sudirman,2,1325,79,26.21,9,9/1/2022
N14 Jenderal Sudirman,3,866,214,10.69,18,9/1/2022
N14 Jenderal Sudirman,4,227,136,5.27,3,9/1/2022
N14 Jenderal Sudirman,1,1325,66.5,28.295,14,9/1/2022
N14 Jenderal Sudirman,2,628,75,17.93,14,9/1/2022
N14 Jenderal Sudirman,2,700,68,20.12,11,9/1/2022
N14 Jenderal Sudirman,2,1182,118,20.86,8,9/1/2022
N14 Jenderal Sudirman,3,557,98,14.4,1,9/1/2022
N14 Jenderal Sudirman,1,1182,62,28.779999,2,9/1/2022
N14 Jenderal Sudirman,2,1325,90,24.56,9,9/1/2022
N14 Jenderal Sudirman,3,583,108,13.39,7,9/1/2022
N14 Jenderal Sudirman,2,1324,75,26.96,13,9/1/2022
N14 Jenderal Sudirman,4,307,146,6.39,5,9/1/2022
N14 Jenderal Sudirman,3,307,101,8.65,1,9/1/2022
N14 Jenderal Sudirman,2,978,97,20.03,9,9/2/2022
N14 Jenderal Sudirman,2,628,81,18.26,24,9/2/2022
N14 Jenderal Sudirman,3,663,106,14.15,5,9/2/2022
N14 Jenderal Sudirman,1,1324,69,27.95,19,9/2/2022
N14 Jenderal Sudirman,2,1325,73,27.22,12,9/2/2022
N14 Jenderal Sudirman,3,484,73,14.51,4,9/2/2022
N14 Jenderal Sudirman,1,1324,63,28.99,14,9/2/2022
N14 Jenderal Sudirman,2,1324,97,23.805,22,9/2/2022
N14 Jenderal Sudirman,3,628,142,11.25,1,9/2/2022
N14 Jenderal Sudirman,2,580,70.5,16.87,6,9/2/2022
N14 Jenderal Sudirman,1,1324,67,28.15,13,9/2/2022
N14 Jenderal Sudirman,2,1325,143,19.13,17,9/2/2022
N14 Jenderal Sudirman,1,1324,63.5,28.795,12,9/2/2022
N14 Jenderal Sudirman,3,583,76,16.77,5,9/2/2022
N14 Jenderal Sudirman,2,663,74,17.51,5,9/3/2022
N14 Jenderal Sudirman,3,663,118,13.19,1,9/3/2022
N14 Jenderal Sudirman,2,1039,84.5,22.029999,20,9/3/2022
N14 Jenderal Sudirman,1,1182,63,28.5,1,9/3/2022
N14 Jenderal Sudirman,2,866,92,19.13,11,9/3/2022
N14 Jenderal Sudirman,3,700,132,13.58,17,9/3/2022
N14 Jenderal Sudirman,1,1182,63,28.5,4,9/3/2022
N14 Jenderal Sudirman,2,1325,80,26.16,13,9/3/2022
N14 Jenderal Sudirman,3,401,82,11.85,7,9/3/2022
N14 Jenderal Sudirman,1,1325,62,29.06,2,9/3/2022
N14 Jenderal Sudirman,2,807,83,17.9,5,9/3/2022
N14 Jenderal Sudirman,3,639,160,11.18,9,9/3/2022
N14 Jenderal Sudirman,1,1325,67,28.31,12,9/3/2022
N14 Jenderal Sudirman,2,1325,143,19.47,2,9/3/2022
N14 Jenderal Sudirman,3,1325,164,16.15,9,9/3/2022
N14 Jenderal Sudirman,4,225,157,4.52,9,9/3/2022
N14 Jenderal Sudirman,1,1324,65,28.49,2,9/3/2022
N14 Jenderal Sudirman,2,807,67,20.64,2,9/3/2022
N14 Jenderal Sudirman,1,1324,62,29.06,7,9/3/2022
N14 Jenderal Sudirman,2,1065.5,74,23.380001,4,9/3/2022
N14 Jenderal Sudirman,3,583,122,12.3,4,9/3/2022
N14 Jenderal Sudirman,1,1325,61,29.25,8,9/3/2022
N14 Jenderal Sudirman,2,1324,77,25.11,71,9/3/2022
N14 Jenderal Sudirman,3,866,150,13.594999,16,9/3/2022
N14 Jenderal Sudirman,1,1325,61,29.27,11,9/3/2022
N14 Jenderal Sudirman,2,866,61.5,23.275,6,9/3/2022
N14 Jenderal Sudirman,3,401,104,10.03,2,9/3/2022
N14 Jenderal Sudirman,2,639,60,19.12,3,9/3/2022
N14 Jenderal Sudirman,2,1325,75,26.45,19,9/3/2022
N14 Jenderal Sudirman,1,1182,64,28.27,3,9/4/2022
N14 Jenderal Sudirman,2,1325,132,20.17,11,9/4/2022
N14 Jenderal Sudirman,2,663,81,16.88,6,9/4/2022
N14 Jenderal Sudirman,2,580,81,15.33,3,9/4/2022
N14 Jenderal Sudirman,3,484,78,13.89,3,9/4/2022
N14 Jenderal Sudirman,2,866,75,20.28,7,9/4/2022
N14 Jenderal Sudirman,2,807,68,20.57,16,9/4/2022
N14 Jenderal Sudirman,2,979,61,25.13,11,9/4/2022
N14 Jenderal Sudirman,1,1325,67,28.2,7,9/4/2022
